Species,SpeciesAnal,Site,TwigCodeNoPatrol,TwigArea_sum_A,TwigArea_sum_B,TwigArea_sum_C,TwigArea_sum_D,TwigHerbProp_A,TwigHerbProp_B,TwigHerbProp_C,TwigHerbProp_D,TwigHerbivory_sum_A,TwigHerbivory_sum_B,TwigHerbivory_sum_C,TwigHerbivory_sum_D
SP4,Acer_platanoides,LAK,LAK_Acer_platanoides_1CN2_Blue,840.56518,997.51245,159.30307,194.41997,0,0.044383105,0,0.046926712,0,44.2727,0,9.12349
SP4,Acer_platanoides,LAK,LAK_Acer_platanoides_2CN2_Blue,748.62153,900.12725,953.04714,1229.35281,0.002404072,0.021321297,8.36e-4,0.055604778,1.79974,19.19188,0.79636,68.35789
SP4,Acer_platanoides,LAK,LAK_Acer_platanoides_3CN2_Blue,565.13103,686.40144,990.15554,1267.58656,0,0.045613614,5.08e-4,0.059170452,0,31.30925,0.50283,75.00367
SP4,Acer_platanoides,LAK,LAK_Acer_platanoides_4CN2_Blue,315.35634,387.82396,672.09826,807.50427,7.26e-4,0.053388527,0,0.058689522,0.22892,20.70535,0,47.39204
SP4,Acer_platanoides,LAK,LAK_Acer_platanoides_5CN2_Blue,713.51963,898.96856,729.91174,878.31324,0,0.054010287,2.33e-4,0.061957998,0,48.55355,0.17028,54.41853
SP4,Acer_platanoides,LAK,LAK_Acer_platanoides_1CN2_Red,582.36172,718.20944,199.90891,257.372,1.21e-4,0.061970684,0,0.097586723,0.07019,44.50793,0,25.11609
SP4,Acer_platanoides,LAK,LAK_Acer_platanoides_2CN2_Red,912.058,1106.08586,249.21201,300.18696,0,0.006284584,0,0.041562632,0,6.95129,0,12.47656
SP4,Acer_platanoides,LAK,LAK_Acer_platanoides_3CN2_Red,1146.18098,1399.86328,985.58031,1221.27389,9.82e-4,0.044020942,0.0010333,0.073204341,1.12584,61.6233,1.0184,89.40255
SP4,Acer_platanoides,LAK,LAK_Acer_platanoides_4CN2_Red,703.81418,863.73982,1350.84583,1626.91714,0,0.05586364,0,0.063534994,0,48.25165,0,103.36617
SP4,Acer_platanoides,LAK,LAK_Acer_platanoides_5CN2_Red,710.51729,856.60672,609.16346,756.09483,0,0.031553418,3.41e-4,0.086493132,0,27.02887,0.20751,65.39701
SP4,Acer_platanoides,LAK,LAK_Acer_platanoides_1CN2_White,1272.6045,1628.03142,71.98643,88.994,0,0.05750088,0.002362806,0.089173989,0,93.61324,0.17009,7.93595
SP4,Acer_platanoides,LAK,LAK_Acer_platanoides_2CN2_White,940.9193,1123.13899,1074.94924,1335.55657,3.68e-5,0.028854906,6.94e-4,0.056473385,0.03467,32.40807,0.7457,75.4234
SP4,Acer_platanoides,LAK,LAK_Acer_platanoides_3CN2_White,1164.96666,1485.76321,1104.3193,1411.88293,2.56e-4,0.078861557,7.37e-4,0.076319826,0.29833,117.1696,0.81346,107.75466
SP4,Acer_platanoides,LAK,LAK_Acer_platanoides_4CN2_White,352.86164,443.5613,1784.08014,2128.16422,0,0.04271626,4.38e-4,0.045462215,0,18.94728,0.78189,96.75106
SP4,Acer_platanoides,LAK,LAK_Acer_platanoides_5CN2_White,1072.69454,1314.70298,729.65317,884.71295,0.002142744,0.041154984,0,0.064592555,2.29851,54.10658,0,57.14587
SP2,Acer_pseudoplatanus,LAK,LAK_Acer_pseudoplatanus_1CN2_Blue,431.67177,532.046,479.64189,601.07,0,0.049011702,5.62e-4,0.024896718,0,26.07648,0.26952,14.96467
SP2,Acer_pseudoplatanus,LAK,LAK_Acer_pseudoplatanus_2CN2_Blue,601.68707,770.79524,1184.42462,1440.93545,0,0.067560874,0,0.051873885,0,52.0756,0,74.74692
SP2,Acer_pseudoplatanus,LAK,LAK_Acer_pseudoplatanus_3CN2_Blue,676.95361,808.56968,1265.44169,1510.77512,0,0.065973399,8.62e-4,0.069389506,0,53.34409,1.0903,104.83194
SP2,Acer_pseudoplatanus,LAK,LAK_Acer_pseudoplatanus_4CN2_Blue,1270.11908,1628.58757,1110.13243,1466.06066,0,0.045290748,5.41e-5,0.060587357,0,73.75995,0.0601,88.82474
SP2,Acer_pseudoplatanus,LAK,LAK_Acer_pseudoplatanus_5CN2_Blue,1197.66405,1488.40911,1026.58519,1301.69239,0,0.049890094,0.001468276,0.059310841,0,74.25687,1.50731,77.20447
SP2,Acer_pseudoplatanus,LAK,LAK_Acer_pseudoplatanus_1CN2_Red,779.16987,983.677,497.06479,594.998,0,0.029776502,0,0.029760369,0,29.29046,0,17.70736
SP2,Acer_pseudoplatanus,LAK,LAK_Acer_pseudoplatanus_2CN2_Red,742.45423,897.23025,899.80693,1103.76793,0,0.050014743,0.001143856,0.06517119,0,44.87474,1.02925,71.93387
SP2,Acer_pseudoplatanus,LAK,LAK_Acer_pseudoplatanus_3CN2_Red,763.33887,958.94136,846.57036,1096.03946,9.68e-4,0.051719909,6.28e-4,0.068452535,0.73858,49.59636,0.53155,75.02668
SP2,Acer_pseudoplatanus,LAK,LAK_Acer_pseudoplatanus_4CN2_Red,1405.92774,1704.51576,910.73836,1103.13412,0,0.045993162,4.71e-4,0.044924583,0,78.39607,0.42911,49.55784
SP2,Acer_pseudoplatanus,LAK,LAK_Acer_pseudoplatanus_5CN2_Red,1542.41823,1869.86338,866.3667,1078.0054,0.002135951,0.046486412,0,0.073327963,3.29453,86.92324,0,79.04794
SP2,Acer_pseudoplatanus,LAK,LAK_Acer_pseudoplatanus_1CN2_White,765.51965,964.11571,626.83553,735.04,0,0.030319473,0.00118358,0.027837342,0,29.23148,0.74191,20.46156
SP2,Acer_pseudoplatanus,LAK,LAK_Acer_pseudoplatanus_2CN2_White,592.23845,726.90939,782.18684,961.37471,0,0.045339722,0,0.057992424,0,32.95787,0,55.75245
SP2,Acer_pseudoplatanus,LAK,LAK_Acer_pseudoplatanus_3CN2_White,643.75267,761.1399,679.02094,794.00234,0,0.038104125,0,0.054349991,0,29.00257,0,43.15402
SP2,Acer_pseudoplatanus,LAK,LAK_Acer_pseudoplatanus_4CN2_White,1060.67029,1353.80179,679.58741,873.24003,8.98e-4,0.049500289,6.58e-4,0.045956757,0.95296,67.01358,0.44699,40.13128
SP2,Acer_pseudoplatanus,LAK,LAK_Acer_pseudoplatanus_5CN2_White,1050.3182,1293.26189,728.90836,897.4552,0.001641598,0.068786021,0,0.052554991,1.7242,88.95834,0,47.16575
SP6,Carpinus_betulus,LAK,LAK_Carpinus_betulus_1CN2_Blue,187.20296,219.87689,198.58702,252.01488,6.65e-4,0.044690781,0,0.04948188,0.12457,9.82647,0,12.47017
SP6,Carpinus_betulus,LAK,LAK_Carpinus_betulus_2CN2_Blue,73.39824,96.35731,142.37484,179.57609,0,0.049612219,9.79e-4,0.060701065,0,4.7805,0.13941,10.90046
SP6,Carpinus_betulus,LAK,LAK_Carpinus_betulus_3CN2_Blue,467.43037,570.51841,393.27379,467.05852,0,0.043527377,0,0.071704055,0,24.83317,0,33.48999
SP6,Carpinus_betulus,LAK,LAK_Carpinus_betulus_4CN2_Blue,216.72062,278.04234,191.5667,237.28214,0,0.05871149,0.002375569,0.058894614,0,16.32428,0.45508,13.97464
SP6,Carpinus_betulus,LAK,LAK_Carpinus_betulus_5CN2_Blue,222.77879,273.36605,200.69049,247.588,1.98e-4,0.045088408,0.001935518,0.063906409,0.04419,12.32564,0.38844,15.82246
SP6,Carpinus_betulus,LAK,LAK_Carpinus_betulus_1CN2_Red,173.68199,208.0551,204.17278,253.39214,0,0.069114912,0,0.058328921,0,14.37971,0,14.78009
SP6,Carpinus_betulus,LAK,LAK_Carpinus_betulus_2CN2_Red,69.76437,86.08848,156.2664,195.78281,0.001245048,0.03315461,4.82e-4,0.046585193,0.08686,2.85423,0.07537,9.12058
SP6,Carpinus_betulus,LAK,LAK_Carpinus_betulus_3CN2_Red,490.59748,586.14927,384.07013,453.61263,2.99e-4,0.069147437,1.96e-4,0.054806653,0.14662,40.53072,0.07537,24.86099
SP6,Carpinus_betulus,LAK,LAK_Carpinus_betulus_4CN2_Red,197.09151,252.67305,199.29412,251.07929,0.003534145,0.048577915,0,0.077717242,0.69655,12.27433,0,19.51319
SP6,Carpinus_betulus,LAK,LAK_Carpinus_betulus_5CN2_Red,227.48079,269.87986,188.89551,237.28678,0.001083476,0.042350585,0.001895598,0.053776194,0.24647,11.42957,0.35807,12.76038
SP6,Carpinus_betulus,LAK,LAK_Carpinus_betulus_1CN2_White,125.36519,158.77022,214.1757,258.50735,0,0.051373929,0,0.073475435,0,8.15665,0,18.99394
SP6,Carpinus_betulus,LAK,LAK_Carpinus_betulus_2CN2_White,88.91702,112.27728,196.47916,251.95964,7.94e-4,0.029635827,5.14e-4,0.059552316,0.07064,3.32743,0.10106,15.00478
SP6,Carpinus_betulus,LAK,LAK_Carpinus_betulus_3CN2_White,472.53213,578.56736,175.32965,221.58133,0,0.064471006,0.002214172,0.061000582,0,37.30082,0.38821,13.51659
SP6,Carpinus_betulus,LAK,LAK_Carpinus_betulus_4CN2_White,203.13092,255.49638,189.07906,243.64553,0,0.046450247,0,0.059738342,0,11.86787,0,14.55498
SP6,Carpinus_betulus,LAK,LAK_Carpinus_betulus_5CN2_White,263.78683,325.68309,220.33289,258.61618,2.02e-4,0.052048358,0,0.050058353,0.05336,16.95127,0,12.9459
SP3,Fraxinus_excelsior,LAK,LAK_Fraxinus_excelsior_1CN2_Blue,51.55006,65.72407,114.49212,142.20947,0.001720464,0.058505963,0.001309173,0.063768046,0.08869,3.84525,0.14989,9.06842
SP3,Fraxinus_excelsior,LAK,LAK_Fraxinus_excelsior_2CN2_Blue,44.4564,52.07089,108.42755,140.64869,0.002834687,0.032948352,0,0.052375532,0.12602,1.71565,0,7.36655
SP3,Fraxinus_excelsior,LAK,LAK_Fraxinus_excelsior_3CN2_Blue,111.74767,139.08575,117.32569,141.60863,2.74e-4,0.048557742,0.00208846,0.059200982,0.03063,6.75369,0.24503,8.38337
SP3,Fraxinus_excelsior,LAK,LAK_Fraxinus_excelsior_4CN2_Blue,57.97804,72.12454,82.4508,99.90363,0,0.02682693,0,0.086788338,0,1.93488,0,8.67047
SP3,Fraxinus_excelsior,LAK,LAK_Fraxinus_excelsior_5CN2_Blue,42.00045,52.66695,123.65692,147.30213,0.001144512,0.052176175,2.79e-4,0.060139388,0.04807,2.74796,0.03444,8.85866
SP3,Fraxinus_excelsior,LAK,LAK_Fraxinus_excelsior_1CN2_Red,52.32103,64.57529,86.39115,110.97315,0.00164064,0.040875387,0.00195402,0.04753321,0.08584,2.63954,0.16881,5.27491
SP3,Fraxinus_excelsior,LAK,LAK_Fraxinus_excelsior_2CN2_Red,59.35812,74.14738,90.08968,112.32626,0,0.055523742,7.64e-4,0.058194228,0,4.11694,0.06882,6.53674
SP3,Fraxinus_excelsior,LAK,LAK_Fraxinus_excelsior_3CN2_Red,247.74667,308.17409,89.35275,112.48529,7.33e-4,0.053762566,0,0.059091993,0.18148,16.56823,0,6.64698
SP3,Fraxinus_excelsior,LAK,LAK_Fraxinus_excelsior_4CN2_Red,59.68851,73.33606,82.7881,105.99402,1.34e-4,0.050841428,8.9e-4,0.037926008,0.00797,3.72851,0.07365,4.01993
SP3,Fraxinus_excelsior,LAK,LAK_Fraxinus_excelsior_5CN2_Red,65.51532,77.86251,119.46363,144.76939,0,0.058084051,0.00128943,0.046669051,0,4.52257,0.15404,6.75625
SP3,Fraxinus_excelsior,LAK,LAK_Fraxinus_excelsior_1CN2_White,52.88934,65.90065,75.63435,96.66005,1.29e-4,0.064349289,6.31e-4,0.068665597,0.00683,4.24066,0.04772,6.63722
SP3,Fraxinus_excelsior,LAK,LAK_Fraxinus_excelsior_2CN2_White,58.40136,69.80272,71.49197,85.05795,0,0.059696384,7.04e-4,0.050081738,0,4.16697,0.05032,4.25985
SP3,Fraxinus_excelsior,LAK,LAK_Fraxinus_excelsior_3CN2_White,126.47328,152.84423,76.47821,96.07256,4.3e-4,0.069460522,0.001932969,0.060564432,0.05438,10.61664,0.14783,5.81858
SP3,Fraxinus_excelsior,LAK,LAK_Fraxinus_excelsior_4CN2_White,58.25789,72.91835,94.50908,118.433,0,0.034307688,1.07e-4,0.083673976,0,2.50166,0.01013,9.90976
SP3,Fraxinus_excelsior,LAK,LAK_Fraxinus_excelsior_5CN2_White,62.24588,75.5574,121.99818,147.7468,0,0.055527056,0,0.065212106,0,4.19548,0,9.63488
SP5,Quercus_robur,LAK,LAK_Quercus_robur_1CN2_Blue,202.74003,263.79456,192.64358,247.87043,6.04e-4,0.054916826,0,0.048536972,0.12255,14.48676,0,12.03088
SP5,Quercus_robur,LAK,LAK_Quercus_robur_2CN2_Blue,310.07227,370.22731,175.02096,212.9631,7.24e-4,0.071503666,0.002123917,0.057020301,0.22462,26.47261,0.37173,12.14322
SP5,Quercus_robur,LAK,LAK_Quercus_robur_3CN2_Blue,212.22034,260.84768,226.98315,273.01119,7.24e-4,0.054671792,3.16e-4,0.059148015,0.15368,14.26101,0.07173,16.14807
SP5,Quercus_robur,LAK,LAK_Quercus_robur_4CN2_Blue,289.07106,352.65585,144.92107,181.62688,0,0.075188856,0.001097011,0.06979457,0,26.51579,0.15898,12.67657
SP5,Quercus_robur,LAK,LAK_Quercus_robur_5CN2_Blue,190.77432,228.17569,102.40789,127.44187,3.47e-4,0.057705884,0,0.065034278,0.06627,13.16708,0,8.28809
SP5,Quercus_robur,LAK,LAK_Quercus_robur_1CN2_Red,199.89228,247.54454,209.51635,250.96718,0,0.056150824,0,0.057971285,0,13.89983,0,14.54889
SP5,Quercus_robur,LAK,LAK_Quercus_robur_2CN2_Red,293.739,359.60491,176.06849,212.23617,1.99e-4,0.042990208,1.95e-4,0.054788399,0.05834,15.45949,0.0343,11.62808
SP5,Quercus_robur,LAK,LAK_Quercus_robur_3CN2_Red,199.99735,242.74604,203.06418,249.65399,0,0.020250753,9.53e-4,0.04703586,0,4.91579,0.19355,11.74269
SP5,Quercus_robur,LAK,LAK_Quercus_robur_4CN2_Red,292.49223,370.56089,126.28124,161.60093,2.17e-4,0.072961585,0.001471477,0.048589015,0.06342,27.03671,0.18582,7.85203
SP5,Quercus_robur,LAK,LAK_Quercus_robur_5CN2_Red,182.71416,229.7111,100.79119,127.46309,0,0.069643652,2.76e-4,0.068592955,0,15.99792,0.02777,8.74307
SP5,Quercus_robur,LAK,LAK_Quercus_robur_1CN2_White,334.07608,406.91987,214.94992,257.86966,0,0.050903658,0,0.082796014,0,20.71371,0,21.35058
SP5,Quercus_robur,LAK,LAK_Quercus_robur_2CN2_White,282.06455,359.06855,175.72351,215.2598,0.00141886,0.036089432,0,0.068773036,0.40021,12.95858,0,14.80407
SP5,Quercus_robur,LAK,LAK_Quercus_robur_3CN2_White,318.24568,399.77354,347.15752,432.58773,0,0.061826753,4.39e-4,0.064671992,0,24.7167,0.15234,27.97631
SP5,Quercus_robur,LAK,LAK_Quercus_robur_4CN2_White,284.01305,369.15444,93.91539,121.96594,0,0.071287697,0.001161365,0.051423127,0,26.31617,0.10907,6.27187
SP5,Quercus_robur,LAK,LAK_Quercus_robur_5CN2_White,179.17084,225.88362,98.91162,125.66181,0,0.050708768,0.00206174,0.056916895,0,11.45428,0.20393,7.15228
SP1,Tilia_cordata,LAK,LAK_Tilia_cordata_1CN2_Blue,241.55886,297.18231,271.88129,329.33454,0.001031591,0.044582499,8.19e-4,0.04915649,0.24919,13.24913,0.22268,16.18893
SP1,Tilia_cordata,LAK,LAK_Tilia_cordata_2CN2_Blue,202.09828,249.78383,292.02194,360.40707,0,0.044420289,1.69e-4,0.04746408,0,11.09547,0.04931,17.10639
SP1,Tilia_cordata,LAK,LAK_Tilia_cordata_3CN2_Blue,229.06153,281.97465,482.48579,585.03494,0.001462445,0.074126061,0.001397699,0.06416533,0.33499,20.90167,0.67437,37.53896
SP1,Tilia_cordata,LAK,LAK_Tilia_cordata_4CN2_Blue,195.73191,250.21265,320.90881,428.48956,0.001029367,0.05485578,0,0.046771501,0.20148,13.72561,0,20.0411
SP1,Tilia_cordata,LAK,LAK_Tilia_cordata_5CN2_Blue,203.10394,242.67456,318.09656,410.63303,0.002051954,0.062176151,5.43e-4,0.053436812,0.41676,15.08857,0.1727,21.94292
SP1,Tilia_cordata,LAK,LAK_Tilia_cordata_1CN2_Red,594.93942,701.60452,97.31153,121.46484,0,0.04964368,0,0.042787691,0,34.83023,0,5.1972
SP1,Tilia_cordata,LAK,LAK_Tilia_cordata_2CN2_Red,365.03627,445.8016,347.04207,415.33388,0.001026227,0.048628291,0,0.060508596,0.37461,21.67857,0,25.13127
SP1,Tilia_cordata,LAK,LAK_Tilia_cordata_3CN2_Red,527.42123,648.87631,382.05874,471.03299,8.54e-4,0.056693702,6.87e-4,0.055853519,0.45026,36.7872,0.26256,26.30885
SP1,Tilia_cordata,LAK,LAK_Tilia_cordata_4CN2_Red,359.45602,444.46682,360.47092,457.55393,0,0.057719877,0.00126479,0.062137659,0,25.65457,0.45592,28.43133
SP1,Tilia_cordata,LAK,LAK_Tilia_cordata_5CN2_Red,360.15756,431.47688,296.7243,363.8273,0,0.053445737,0,0.058618526,0,23.0606,0,21.32702
SP1,Tilia_cordata,LAK,LAK_Tilia_cordata_1CN2_White,494.2364,629.58016,206.28937,266.23777,0.001136136,0.03903082,0.001389892,0.033590426,0.56152,24.57303,0.28672,8.94304
SP1,Tilia_cordata,LAK,LAK_Tilia_cordata_2CN2_White,244.51015,306.60164,373.8146,481.65294,0.001073861,0.031812028,0,0.064851696,0.26257,9.75362,0,31.23601
SP1,Tilia_cordata,LAK,LAK_Tilia_cordata_3CN2_White,515.06622,656.51258,561.88877,713.79644,0.003030542,0.068652333,6.19e-5,0.062145953,1.56093,45.07112,0.03477,44.35956
SP1,Tilia_cordata,LAK,LAK_Tilia_cordata_4CN2_White,251.09835,308.07827,525.47955,642.0553,0.001879941,0.059579697,0.002063886,0.06166866,0.47205,18.35521,1.08453,39.59469
SP1,Tilia_cordata,LAK,LAK_Tilia_cordata_5CN2_White,301.58919,388.64839,327.97284,405.10048,0.001354989,0.046744797,0,0.061470058,0.40865,18.16729,0,24.90155
SP7,Ulmus_glabra,LAK,LAK_Ulmus_glabra_1CN2_Blue,142.92853,178.27524,147.96271,174.20076,7.87e-4,0.041373889,0.001395554,0.059772127,0.11254,7.37594,0.20649,10.41235
SP7,Ulmus_glabra,LAK,LAK_Ulmus_glabra_2CN2_Blue,235.16444,289.32504,216.25913,272.21691,6.66e-4,0.058050731,0.001170309,0.053360976,0.1567,16.79553,0.25309,14.52576
SP7,Ulmus_glabra,LAK,LAK_Ulmus_glabra_3CN2_Blue,158.69567,204.07413,153.64568,199.01087,6.14e-4,0.064223427,0,0.040715565,0.09742,13.10634,0,8.10284
SP7,Ulmus_glabra,LAK,LAK_Ulmus_glabra_4CN2_Blue,230.10552,282.06352,226.05159,270.17263,7.68e-5,0.047767928,2.55e-4,0.057130991,0.01767,13.47359,0.05771,15.43523
SP7,Ulmus_glabra,LAK,LAK_Ulmus_glabra_5CN2_Blue,144.9097,172.4788,129.65282,165.75461,0,0.066422134,0,0.075091969,0,11.45641,0,12.44684
SP7,Ulmus_glabra,LAK,LAK_Ulmus_glabra_1CN2_Red,142.35741,169.57096,146.17896,174.43544,0,0.034240769,0,0.073946613,0,5.80624,0,12.89891
SP7,Ulmus_glabra,LAK,LAK_Ulmus_glabra_2CN2_Red,252.02033,316.50017,265.26329,330.52291,0,0.041781083,2.29e-4,0.077395785,0,13.22372,0.06072,25.58108
SP7,Ulmus_glabra,LAK,LAK_Ulmus_glabra_3CN2_Red,189.3124,223.71704,180.69072,216.78917,0.002419599,0.048583112,0,0.051735749,0.45806,10.86887,0,11.21575
SP7,Ulmus_glabra,LAK,LAK_Ulmus_glabra_4CN2_Red,185.47327,239.94985,219.275,262.00237,0,0.050024495,0.001678668,0.054150197,0,12.00337,0.36809,14.18748
SP7,Ulmus_glabra,LAK,LAK_Ulmus_glabra_5CN2_Red,119.0069,150.82692,119.94619,153.70037,0,0.040743191,0.001810979,0.065735626,0,6.14517,0.21722,10.10359
SP7,Ulmus_glabra,LAK,LAK_Ulmus_glabra_1CN2_White,200.18444,237.96698,201.53293,244.85396,0,0.035463786,0.001043303,0.056916498,0,8.43921,0.21026,13.93623
SP7,Ulmus_glabra,LAK,LAK_Ulmus_glabra_2CN2_White,220.00136,270.13186,200.73955,254.01669,0,0.054858061,0,0.037089571,0,14.81891,0,9.42137
SP7,Ulmus_glabra,LAK,LAK_Ulmus_glabra_3CN2_White,190.20918,243.76945,197.1342,243.31246,0.001265975,0.030498325,0,0.058597944,0.2408,7.43456,0,14.25761
SP7,Ulmus_glabra,LAK,LAK_Ulmus_glabra_4CN2_White,218.64286,255.80553,223.73532,275.89144,0,0.056090031,7.18e-5,0.066077911,0,14.34814,0.01607,18.23033
SP7,Ulmus_glabra,LAK,LAK_Ulmus_glabra_5CN2_White,187.76154,235.17344,173.09948,216.37519,0.001150875,0.071343175,6.38e-5,0.060600155,0.21609,16.77802,0.01104,13.11237
SP4,Acer_mono,TOM,TOM_Acer_mono_1CN2_Blue,44.6464,223.232,95.1625,445.907,0,0.037449828,0.002392539,0.004216126,0,8.36,0.22768,1.88
SP4,Acer_mono,TOM,TOM_Acer_mono_2CN2_Blue,49.7296,263.72,67.36505,306.9115,0,0.017893978,0,0.019559384,0,4.719,0,6.003
SP4,Acer_mono,TOM,TOM_Acer_mono_3CN2_Blue,60.4793,313.464,58.7024,293.512,0,0.060313146,0,0.038990331,0,18.906,0,11.44413
SP4,Acer_mono,TOM,TOM_Acer_mono_4CN2_Blue,76.5838,382.919,60.8396,304.198,0,0.003267009,0,0.026029527,0,1.251,0,7.91813
SP4,Acer_mono,TOM,TOM_Acer_mono_5CN2_Blue,102.6804,513.402,75.8653,379.3265,0,0.037008037,0,0.028746924,0,19,0,10.90447
SP4,Acer_mono,TOM,TOM_Acer_mono_1CN2_Red,62.07,310.35,39.9323,199.6615,0,0.029798614,0.021036354,0.019740962,0,9.248,0.84003,3.94151
SP4,Acer_mono,TOM,TOM_Acer_mono_2CN2_Red,38.9294,173.641,80.734,350.8715,0,0.002798878,0.010248594,0.002262937,0,0.486,0.82741,0.794
SP4,Acer_mono,TOM,TOM_Acer_mono_3CN2_Red,104.403,532.546,76.8925,359.969,0,0.030697818,0,0.055146415,0,16.348,0,19.851
SP4,Acer_mono,TOM,TOM_Acer_mono_4CN2_Red,136.5196,682.598,58.4485,340.533,0,0.020049575,0.020914651,0.01476688,0,13.6858,1.22243,5.02861
SP4,Acer_mono,TOM,TOM_Acer_mono_5CN2_Red,95.5804,477.902,41.5041,230.2675,0,0.003933861,0.002410846,0.006618389,0,1.88,0.10006,1.524
SP4,Acer_mono,TOM,TOM_Acer_mono_1CN2_White,46.5188,232.594,61.1903,305.9515,0,0.046407044,0,0.052245274,0,10.794,0,15.98452
SP4,Acer_mono,TOM,TOM_Acer_mono_2CN2_White,59.5873,279.071,29.0094,145.047,0,0.032285691,0,0.013850683,0,9.01,0,2.009
SP4,Acer_mono,TOM,TOM_Acer_mono_3CN2_White,84.3052,421.206,46.1843,230.9215,0,0.019885757,0.005287728,0.015613834,0,8.376,0.24421,3.60557
SP4,Acer_mono,TOM,TOM_Acer_mono_4CN2_White,68.7508,343.754,58.1621,290.8105,0,0.015627455,0,0.041418725000000003,0,5.372,0,12.045
SP4,Acer_mono,TOM,TOM_Acer_mono_5CN2_White,71.5718,357.859,65.6466,328.233,0,0.007475011,2.82e-4,0.030652006,0,2.675,0.01854,10.061
SP6,Acer_palmatum,TOM,TOM_Acer_palmatum_1CN2_Blue,33.1634,165.817,71.4336,357.168,0,0.099175597,0.006320555,0.014948148,0,16.445,0.4515,5.339
SP6,Acer_palmatum,TOM,TOM_Acer_palmatum_2CN2_Blue,26.9416,134.708,36.9577,184.7885,0,0.055505241,0,0.024362988,0,7.477,0,4.502
SP6,Acer_palmatum,TOM,TOM_Acer_palmatum_3CN2_Blue,36.6264,183.132,22.4195,112.0975,0,0.065826835,0,0.014148398,0,12.055,0,1.586
SP6,Acer_palmatum,TOM,TOM_Acer_palmatum_4CN2_Blue,37.7542,188.771,18.8714,98.4595,0,0.027520117,0,0.006439196,0,5.195,0,0.634
SP6,Acer_palmatum,TOM,TOM_Acer_palmatum_5CN2_Blue,34.7146,173.573,7.2224,36.112,0,0.010059168,0,0.071555162,0,1.746,0,2.584
SP6,Acer_palmatum,TOM,TOM_Acer_palmatum_1CN2_Red,34.0574,170.287,55.8145,279.0725,0,0.072383682,0.004044827,0.003472216,0,12.326,0.22576,0.969
SP6,Acer_palmatum,TOM,TOM_Acer_palmatum_2CN2_Red,27.0728,135.364,60.8832,304.416,0,0.135855914,0,0.003524782,0,18.39,0,1.073
SP6,Acer_palmatum,TOM,TOM_Acer_palmatum_3CN2_Red,34.5178,172.589,42.6575,213.2875,0,0.048757453,0,0.007745414,0,8.415,0,1.652
SP6,Acer_palmatum,TOM,TOM_Acer_palmatum_4CN2_Red,35.4202,177.101,15.0438,75.219,0,0.042721385,0.009472341,0.004998737,0,7.566,0.1425,0.376
SP6,Acer_palmatum,TOM,TOM_Acer_palmatum_5CN2_Red,31.6142,158.071,14.4385,72.1925,0,0.08455694,0,0.005277557,0,13.366,0,0.381
SP6,Acer_palmatum,TOM,TOM_Acer_palmatum_1CN2_White,41.8584,209.292,52.3878,261.939,0,0.132002179,0,0.007329951,0,27.627,0,1.92
SP6,Acer_palmatum,TOM,TOM_Acer_palmatum_2CN2_White,29.8688,149.344,29.0553,145.2765,0,0.143025498,0,0.005892212,0,21.36,0,0.856
SP6,Acer_palmatum,TOM,TOM_Acer_palmatum_3CN2_White,34.2598,171.299,35.8218,179.109,0,0.044471947,0.004624,0.023108833,0,7.618,0.16564,4.139
SP6,Acer_palmatum,TOM,TOM_Acer_palmatum_4CN2_White,37.286,186.43,34.682,173.41,0,0.038089363,0,0.006475982,0,7.101,0,1.123
SP6,Acer_palmatum,TOM,TOM_Acer_palmatum_5CN2_White,36.153,180.765,22.891,110.582,0,0.069775676,0,0.032347037,0,12.613,0,3.577
SP8,Betula_maximowicziana,TOM,TOM_Betula_maximowicziana_2CN2_Blue,9.6812,48.406,8.02365,41.334,0.010582366,0.114242036,0,0.068200513,0.10245,5.53,0,2.819
SP8,Betula_maximowicziana,TOM,TOM_Betula_maximowicziana_3CN2_Blue,11.8438,59.219,11.7033,58.7655,0,0.139786217,0.114195996,0.094664386,0,8.278,1.33647,5.563
SP8,Betula_maximowicziana,TOM,TOM_Betula_maximowicziana_4CN2_Blue,12.7282,63.641,7.0094,35.047,0.011805283,0.061988341,0.025254658,0.240020544,0.15026,3.945,0.17702,8.412
SP8,Betula_maximowicziana,TOM,TOM_Betula_maximowicziana_5CN2_Blue,7.184,35.92,9.289,44.603,0,0.055902004,0,0.102078336,0,2.008,0,4.553
SP8,Betula_maximowicziana,TOM,TOM_Betula_maximowicziana_1CN2_Red,25.5302,127.651,6.47397,32.36985,0.001402653,0.260405324,0.066059929,0.052363542,0.03581,33.241,0.42767,1.695
SP8,Betula_maximowicziana,TOM,TOM_Betula_maximowicziana_2CN2_Red,16.4626,82.313,8.875,44.375,0.006150304,0.088868101,0,0.140371831,0.10125,7.315,0,6.229
SP8,Betula_maximowicziana,TOM,TOM_Betula_maximowicziana_3CN2_Red,34.72,173.6,14.4764,72.382,0.009084389,0.102845622,0,0.102428781,0.31541,17.854,0,7.414
SP8,Betula_maximowicziana,TOM,TOM_Betula_maximowicziana_4CN2_Red,12.799,63.995,7.3565,36.7825,0.014309712,0.403125244,0,0.048963502,0.18315,25.798,0,1.801
SP8,Betula_maximowicziana,TOM,TOM_Betula_maximowicziana_5CN2_Red,30.6342,153.171,9.1877,45.9385,0.010493827,0.257927414,0.058902663,0.144562839,0.32147,39.507,0.54118,6.641
SP8,Betula_maximowicziana,TOM,TOM_Betula_maximowicziana_1CN2_White,9.8492,49.246,4.9141,24.5705,0,0.286926857,0.02948251,0.122341833,0,14.13,0.14488,3.006
SP8,Betula_maximowicziana,TOM,TOM_Betula_maximowicziana_2CN2_White,9.6476,48.238,6.2692,31.346,0,0.154027945,0,0.027946149,0,7.43,0,0.876
SP8,Betula_maximowicziana,TOM,TOM_Betula_maximowicziana_4CN2_White,8.5814,42.907,6.3746,31.873,0.00416016,0.310345631,0.154268503,0.147522982,0.0357,13.316,0.9834,4.702
SP8,Betula_maximowicziana,TOM,TOM_Betula_maximowicziana_5CN2_White,9.9866,49.933,6.116,30.58,0,0.125187752,0,0.029267495,0,6.251,0,0.895
SP3,Carpinus_cordata,TOM,TOM_Carpinus_cordata_1CN2_Blue,64.5772,322.886,80.5187,402.5935,0,0.033606288,0,0.012339991,0,10.851,0,4.968
SP3,Carpinus_cordata,TOM,TOM_Carpinus_cordata_2CN2_Blue,72.3646,361.823,50.5118,252.559,0,0.103299127,0,0.008809823,0,37.376,0,2.225
SP3,Carpinus_cordata,TOM,TOM_Carpinus_cordata_3CN2_Blue,85.728,428.64,73.2449,366.2245,0,0.144412561,0,0.010916801,0,61.901,0,3.998
SP3,Carpinus_cordata,TOM,TOM_Carpinus_cordata_4CN2_Blue,67.1184,335.592,44.4744,222.372,0,0.024076855,0,0.01358984,0,8.08,0,3.022
SP3,Carpinus_cordata,TOM,TOM_Carpinus_cordata_5CN2_Blue,74.7902,373.951,94.00825,435.2615,0.001674016,0.001537635,0,0.004328432,0.1252,0.575,0,1.884
SP3,Carpinus_cordata,TOM,TOM_Carpinus_cordata_1CN2_Red,73.6272,368.136,30.1379,168.585,0,0.085596084,0,0.089373313,0,31.511,0,15.067
SP3,Carpinus_cordata,TOM,TOM_Carpinus_cordata_2CN2_Red,84.2782,421.391,87.7752,438.876,0,0.15395915,0,0.033736181,0,64.877,0,14.806
SP3,Carpinus_cordata,TOM,TOM_Carpinus_cordata_3CN2_Red,64.3136,321.568,67.273,336.365,0,0.039043064,9.04e-5,0.151933168,0,12.555,0.00608,51.105
SP3,Carpinus_cordata,TOM,TOM_Carpinus_cordata_4CN2_Red,75.3088,376.544,47.426,237.13,0,0.027717876,0,0.11879138,0,10.437,0,28.169
SP3,Carpinus_cordata,TOM,TOM_Carpinus_cordata_5CN2_Red,68.7718,343.859,93.72675,456.539,0,0.022270756,0,0.0020324,0,7.658,0,0.92787
SP3,Carpinus_cordata,TOM,TOM_Carpinus_cordata_1CN2_White,64.5212,322.606,50.5554,252.777,0,0.047274384,0,0.017952583,0,15.251,0,4.538
SP3,Carpinus_cordata,TOM,TOM_Carpinus_cordata_2CN2_White,64.6924,323.462,46.2339,231.1695,0,0.02838355,0.00179522,0.024125155,0,9.181,0.083,5.577
SP3,Carpinus_cordata,TOM,TOM_Carpinus_cordata_3CN2_White,71.2936,356.468,76.0638,380.319,0,0.103734417,0,0.107806867,0,36.978,0,41.001
SP3,Carpinus_cordata,TOM,TOM_Carpinus_cordata_4CN2_White,63.3276,316.638,70.5503,367.515,0,0.036912815,0,0.081392596,0,11.688,0,29.913
SP3,Carpinus_cordata,TOM,TOM_Carpinus_cordata_5CN2_White,43.2394,216.197,89.1328,445.664,0,0.223763512,0,0.02076901,0,48.377,0,9.256
SP7,Fraxinus_lanuginosa,TOM,TOM_Fraxinus_lanuginosa_1CN2_Blue,47.4202,237.101,5.8611,29.3055,0,0.024099434,0,0.021702411,0,5.714,0,0.636
SP7,Fraxinus_lanuginosa,TOM,TOM_Fraxinus_lanuginosa_2CN2_Blue,30.4126,152.063,7.3926,36.963,0,0.004537593,0,0.019614209,0,0.69,0,0.725
SP7,Fraxinus_lanuginosa,TOM,TOM_Fraxinus_lanuginosa_3CN2_Blue,17.7222,88.611,NA,NA,0,0.121350622,NA,NA,0,10.753,NA,NA
SP7,Fraxinus_lanuginosa,TOM,TOM_Fraxinus_lanuginosa_4CN2_Blue,12.2248,61.124,22.91805,107.331,0,0.136656632,0,0.042681052,0,8.353,0,4.581
SP7,Fraxinus_lanuginosa,TOM,TOM_Fraxinus_lanuginosa_5CN2_Blue,15.9484,79.742,6.0785,30.3925,0,3.01e-4,0,0.105947191,0,0.024,0,3.22
SP7,Fraxinus_lanuginosa,TOM,TOM_Fraxinus_lanuginosa_1CN2_Red,37.1466,185.733,18.3232,96.461,0.009653373,0.105274776,0,0.356206135,0.35859,19.553,0,34.36
SP7,Fraxinus_lanuginosa,TOM,TOM_Fraxinus_lanuginosa_2CN2_Red,26.3054,131.527,13.3335,56.6505,0,0.002767493,0.012176098,0.014315849,0,0.364,0.16235,0.811
SP7,Fraxinus_lanuginosa,TOM,TOM_Fraxinus_lanuginosa_3CN2_Red,17.0144,85.072,NA,NA,0,0.240631465,NA,NA,0,20.471,NA,NA
SP7,Fraxinus_lanuginosa,TOM,TOM_Fraxinus_lanuginosa_4CN2_Red,21.8996,109.498,NA,NA,0,0.016411259,NA,NA,0,1.797,NA,NA
SP7,Fraxinus_lanuginosa,TOM,TOM_Fraxinus_lanuginosa_5CN2_Red,17.4356,87.178,18.0647,90.3235,0,0.001732088,0,0.024334752,0,0.151,0,2.198
SP7,Fraxinus_lanuginosa,TOM,TOM_Fraxinus_lanuginosa_1CN2_White,34.812,174.06,3.3924,21.132,0,0.032965644,0,0.005583949,0,5.738,0,0.118
SP7,Fraxinus_lanuginosa,TOM,TOM_Fraxinus_lanuginosa_2CN2_White,17.5122,87.561,7.289,36.445,0,0.002489693,0,0.042063383,0,0.218,0,1.533
SP7,Fraxinus_lanuginosa,TOM,TOM_Fraxinus_lanuginosa_3CN2_White,11.5754,57.877,16.88283,84.835,0,0.067073276,0,0.021524135,0,3.882,0,1.826
SP7,Fraxinus_lanuginosa,TOM,TOM_Fraxinus_lanuginosa_4CN2_White,40.5604,202.802,NA,NA,0,0.030216665,NA,NA,0,6.128,NA,NA
SP7,Fraxinus_lanuginosa,TOM,TOM_Fraxinus_lanuginosa_5CN2_White,19.6798,98.399,5.4624,27.312,0,0.103029502,0,0.00640744,0,10.138,0,0.175
SP1,Magnolia_kobus,TOM,TOM_Magnolia_kobus_1CN2_Blue,91.9308,459.654,73.472,367.36,0.001120626,0.029513504,6.34e-4,0.215045187,0.10302,13.566,0.04656,78.999
SP1,Magnolia_kobus,TOM,TOM_Magnolia_kobus_2CN2_Blue,56.9562,284.781,111.3844,556.922,0.003535173,0.003135743,0,0.001158151,0.20135,0.893,0,0.645
SP1,Magnolia_kobus,TOM,TOM_Magnolia_kobus_3CN2_Blue,75.743,378.715,84.351,421.755,0.00319079,0.046536314,0,0.1105061,0.24168,17.624,0,46.6065
SP1,Magnolia_kobus,TOM,TOM_Magnolia_kobus_4CN2_Blue,72.3516,361.758,95.9523,479.7615,0,0.007239646,0.011027875,0.338228474,0,2.619,1.05815,162.269
SP1,Magnolia_kobus,TOM,TOM_Magnolia_kobus_5CN2_Blue,71.4356,357.178,93.6096,468.048,0.002211362,0.027882456,0.00119539,0.321227737,0.15797,9.959,0.1119,150.35
SP1,Magnolia_kobus,TOM,TOM_Magnolia_kobus_1CN2_Red,92.4298,462.149,91.299,456.495,0.002035166,0.018870537,0,0.224683731,0.18811,8.721,0,102.567
SP1,Magnolia_kobus,TOM,TOM_Magnolia_kobus_2CN2_Red,55.598,277.99,102.57470000000001,512.8735,0.004050685,0.001176301,0.001246506,0.003636374,0.22521,0.327,0.12786,1.865
SP1,Magnolia_kobus,TOM,TOM_Magnolia_kobus_3CN2_Red,71.372,356.86,94.9728,474.864,0,0.031177493,0.008342494,0.056842591,0,11.126,0.79231,26.9925
SP1,Magnolia_kobus,TOM,TOM_Magnolia_kobus_4CN2_Red,51.477,257.385,80.7126,403.563,0.011390135,0.064494823,0.001328541,0.200263652,0.58633,16.6,0.10723,80.819
SP1,Magnolia_kobus,TOM,TOM_Magnolia_kobus_5CN2_Red,76.7902,383.951,98.346,491.73,0,0.019093061,0,0.294238708,0,7.3308,0,144.686
SP1,Magnolia_kobus,TOM,TOM_Magnolia_kobus_1CN2_White,73.9098,369.549,119.36893,549.6715,0,0.018576698,0,0.131915153,0,6.865,0,72.51
SP1,Magnolia_kobus,TOM,TOM_Magnolia_kobus_2CN2_White,70.7506,353.753,161.48665,778.319,0.001420341,5.65e-4,0.006561905,0.014382278,0.10049,0.2,1.05966,11.194
SP1,Magnolia_kobus,TOM,TOM_Magnolia_kobus_3CN2_White,53.427,267.135,100.7792,503.896,0.00347184,0.074542834,0.002262769,0.223012288,0.18549,19.913,0.22804,112.375
SP1,Magnolia_kobus,TOM,TOM_Magnolia_kobus_4CN2_White,93.9464,469.732,88.44535,417.155,0.0016041060000000001,0.024379859,6.14e-4,0.203674893,0.1507,11.452,0.05431,84.964
SP1,Magnolia_kobus,TOM,TOM_Magnolia_kobus_5CN2_White,67.2008,336.004,102.78475,533.3265,0.002019024,0.013092106,0.001079732,0.216743402,0.13568,4.399,0.11098,115.595
SP5,Prunus_ssiori,TOM,TOM_Prunus_ssiori_2CN2_Blue,25.7552,128.776,NA,NA,0,0.060026713,NA,NA,0,7.73,NA,NA
SP5,Prunus_ssiori,TOM,TOM_Prunus_ssiori_3CN2_Blue,30.84,154.2,21.8946,109.473,0.003714008,0.031381323,0,0.059896047,0.11454,4.839,0,6.557
SP5,Prunus_ssiori,TOM,TOM_Prunus_ssiori_4CN2_Blue,51.8824,259.412,50.8726,254.363,0,0.125576303,0.002519234,0.105302265,0,32.576,0.12816,26.785
SP5,Prunus_ssiori,TOM,TOM_Prunus_ssiori_5CN2_Blue,37.9048,189.524,42.6388,213.194,0,0.077868766,0.005486787,0.070911939,0,14.758,0.23395,15.118
SP5,Prunus_ssiori,TOM,TOM_Prunus_ssiori_1CN2_New,160.4082,802.041,NA,NA,0,0.136259867,NA,NA,0,109.286,NA,NA
SP5,Prunus_ssiori,TOM,TOM_Prunus_ssiori_2CN2_Red,35.0916,175.458,29.6361,148.1805,0,0.154640997,0,0.039732084,0,27.133,0,5.88752
SP5,Prunus_ssiori,TOM,TOM_Prunus_ssiori_3CN2_Red,47.0064,235.032,41.6149,208.0745,0,0.292445284,0,0.144524485,0,68.734,0,30.07186
SP5,Prunus_ssiori,TOM,TOM_Prunus_ssiori_4CN2_Red,61.4158,307.079,48.0549,240.2745,0,0.065419648,0.014335895,0.030639956,0,20.089,0.68891,7.362
SP5,Prunus_ssiori,TOM,TOM_Prunus_ssiori_5CN2_Red,49.1808,245.904,35.8577,179.2885,2.32e-4,0.027775067,0,0.170390181,0.01142,6.83,0,30.549
SP5,Prunus_ssiori,TOM,TOM_Prunus_ssiori_2CN2_White,33.0452,165.226,41.3299,206.6495,0,0.437691405,0,0.060585678,0,72.318,0,12.52
SP5,Prunus_ssiori,TOM,TOM_Prunus_ssiori_3CN2_White,36.1208,180.604,28.9162,144.581,0,0.215582158,7.56e-4,0.332595569,0,38.935,0.02185,48.087
SP5,Prunus_ssiori,TOM,TOM_Prunus_ssiori_4CN2_White,47.5496,237.748,37.4573,187.2865,2.87e-4,0.14904016,0,0.214926543,0.01365,35.434,0,40.25284
SP5,Prunus_ssiori,TOM,TOM_Prunus_ssiori_5CN2_White,74.2059,361.259,34.63,178.027,0,0.051373115,0.004340167,0.112157145,0,18.559,0.1503,19.967
SP2,Syringa_reticulata,TOM,TOM_Syringa_reticulata_1CN2_Blue,39.346,196.73,16.0758,80.379,0,0.116103289,0,0.028801055,0,22.841,0,2.315
SP2,Syringa_reticulata,TOM,TOM_Syringa_reticulata_2CN2_Blue,30.1568,150.784,23.4803,117.4015,0,0.034254298,0,0.002802349,0,5.165,0,0.329
SP2,Syringa_reticulata,TOM,TOM_Syringa_reticulata_3CN2_Blue,30.1568,150.784,37.4289,187.1445,0,0.034254298,0,0.00758772,0,5.165,0,1.42
SP2,Syringa_reticulata,TOM,TOM_Syringa_reticulata_4CN2_Blue,46.376,231.88,26.7233,133.6165,0,7.81e-4,0,0.046551137,0,0.181,0,6.22
SP2,Syringa_reticulata,TOM,TOM_Syringa_reticulata_5CN2_Blue,22.8776,114.388,37.3454,186.727,0,0.079309018,0,0.261890353,0,9.072,0,48.902
SP2,Syringa_reticulata,TOM,TOM_Syringa_reticulata_1CN2_Red,35.5234,177.617,32.87,153.613,0,0.083049483,0.0101007,0.013944132,0,14.751,0.33201,2.142
SP2,Syringa_reticulata,TOM,TOM_Syringa_reticulata_2CN2_Red,27.0728,135.364,11.798400000000001,58.992,0,0.135855914,0,1.19e-4,0,18.39,0,0.007
SP2,Syringa_reticulata,TOM,TOM_Syringa_reticulata_3CN2_Red,27.3794,136.897,49.9205,249.6025,0,0.032148257,0,0.001838924,0,4.401,0,0.459
SP2,Syringa_reticulata,TOM,TOM_Syringa_reticulata_4CN2_Red,41.9594,209.797,29.54165,133.993,0,0.034571514,0,0.006701843,0,7.253,0,0.898
SP2,Syringa_reticulata,TOM,TOM_Syringa_reticulata_5CN2_Red,27.0728,135.364,47.98035,223.272,0,0.135855914,0.003837196,0.094660325,0,18.39,0.18411,21.135
SP2,Syringa_reticulata,TOM,TOM_Syringa_reticulata_1CN2_White,35.237,176.185,40.8685,204.3425,0,0.111405625,0,0.090157456,0,19.628,0,18.423
SP2,Syringa_reticulata,TOM,TOM_Syringa_reticulata_2CN2_White,35.237,176.185,31.4194,157.097,0,0.111405625,0.005124859,0.079606867,0,19.628,0.16102,12.506
SP2,Syringa_reticulata,TOM,TOM_Syringa_reticulata_3CN2_White,34.7742,173.871,24.23035,100.76,0,0.238855243,0,0.004366812,0,41.53,0,0.44
SP2,Syringa_reticulata,TOM,TOM_Syringa_reticulata_4CN2_White,31.8002,159.001,33.1738,165.869,0,0.019289187,0,4.4e-4,0,3.067,0,0.073
SP2,Syringa_reticulata,TOM,TOM_Syringa_reticulata_5CN2_White,34.578,172.89,46.1572,230.786,0,0.113453641,0,0.132602801,0,19.615,0,30.60287
SP8,Betula_maximowicziana,TOM,TOM_Betula_maximowicziana_1CN2_Blue,NA,NA,5.1104,27.6415,NA,NA,0,0.108749525,NA,NA,0,3.006
SP5,Prunus_ssiori,TOM,TOM_Prunus_ssiori_1CN2_Blue,NA,NA,36.6257,183.1285,NA,NA,0.009023445,0.333248948,NA,NA,0.33049,61.02738
SP5,Prunus_ssiori,TOM,TOM_Prunus_ssiori_1CN2_Red,NA,NA,26.6078,133.039,NA,NA,0,0.120859297,NA,NA,0,16.079
SP5,Prunus_ssiori,TOM,TOM_Prunus_ssiori_1CN2_White,NA,NA,21.507,107.535,NA,NA,0.029769842,0.023964291,NA,NA,0.64026,2.577
SP4,Baccaurea_ramiflora,BUB,BUB_Baccaurea_ramiflora_1CN2_Blue,NA,NA,698.3958,1101.11358,NA,NA,0.025796275,0.160152961,NA,NA,18.01601,176.3466
SP4,Baccaurea_ramiflora,BUB,BUB_Baccaurea_ramiflora_2CN2_Blue,NA,NA,519.25118,824.29279,NA,NA,0.027890818,0.146055251,NA,NA,14.48234,120.39229
SP4,Baccaurea_ramiflora,BUB,BUB_Baccaurea_ramiflora_3CN2_Blue,NA,NA,659.6937,985.07776,NA,NA,0.025942994,0.138133136,NA,NA,17.11443,136.07188
SP4,Baccaurea_ramiflora,BUB,BUB_Baccaurea_ramiflora_4CN2_Blue,NA,NA,807.88884,1139.82945,NA,NA,0.024988363,0.162029223,NA,NA,20.18782,184.68568
SP4,Baccaurea_ramiflora,BUB,BUB_Baccaurea_ramiflora_5CN2_Blue,NA,NA,610.02427,1097.646,NA,NA,0.009810577,0.058704719,NA,NA,5.98469,64.437
SP4,Baccaurea_ramiflora,BUB,BUB_Baccaurea_ramiflora_1CN2_Red,NA,NA,788.43335,1271.52084,NA,NA,0.013783549,0.076787196,NA,NA,10.86741,97.63652
SP4,Baccaurea_ramiflora,BUB,BUB_Baccaurea_ramiflora_2CN2_Red,NA,NA,578.2214,1007.60558,NA,NA,0.025887316,0.158244777,NA,NA,14.9686,159.44832
SP4,Baccaurea_ramiflora,BUB,BUB_Baccaurea_ramiflora_3CN2_Red,NA,NA,666.49449,1195.786,NA,NA,0.005320929,0.030915231,NA,NA,3.54637,36.968
SP4,Baccaurea_ramiflora,BUB,BUB_Baccaurea_ramiflora_4CN2_Red,NA,NA,871.8457,1610.074,NA,NA,0.016240603,0.094026113,NA,NA,14.1593,151.389
SP4,Baccaurea_ramiflora,BUB,BUB_Baccaurea_ramiflora_5CN2_Red,NA,NA,383.94112,571.87637,NA,NA,0.022235337,0.154323967,NA,NA,8.53706,88.25423
SP4,Baccaurea_ramiflora,BUB,BUB_Baccaurea_ramiflora_1CN2_White,NA,NA,733.07429,1006.2791,NA,NA,0.033504012,0.189437871,NA,NA,24.56093,190.62737
SP4,Baccaurea_ramiflora,BUB,BUB_Baccaurea_ramiflora_2CN2_White,NA,NA,534.98894,491.95324,NA,NA,0.02156325,0.132500134,NA,NA,11.5361,65.18387
SP4,Baccaurea_ramiflora,BUB,BUB_Baccaurea_ramiflora_3CN2_White,NA,NA,834.9546,1365.71025,NA,NA,0.025394099,0.138604979,NA,NA,21.20292,189.29424
SP4,Baccaurea_ramiflora,BUB,BUB_Baccaurea_ramiflora_4CN2_White,NA,NA,885.71242,1350.0309,NA,NA,0.01596805,0.110934965,NA,NA,14.1431,149.76563
SP4,Baccaurea_ramiflora,BUB,BUB_Baccaurea_ramiflora_5CN2_White,NA,NA,603.46533,857.86422,NA,NA,0.017663036,0.103715539,NA,NA,10.65903,88.97385
SP2,Cleidion_brevipetiolatum,BUB,BUB_Cleidion_brevipetiolatum_1CN2_Blue,NA,NA,677.82602,1003.927,NA,NA,0.014808653,0.055742101,NA,NA,10.03769,55.961
SP2,Cleidion_brevipetiolatum,BUB,BUB_Cleidion_brevipetiolatum_2CN2_Blue,NA,NA,981.76075,1642.384,NA,NA,0.001913633,0.026315405,NA,NA,1.87873,43.22
SP2,Cleidion_brevipetiolatum,BUB,BUB_Cleidion_brevipetiolatum_3CN2_Blue,NA,NA,1390.20733,1687.38436,NA,NA,0.011342049,0.078723895,NA,NA,15.7678,132.83747
SP2,Cleidion_brevipetiolatum,BUB,BUB_Cleidion_brevipetiolatum_4CN2_Blue,NA,NA,833.69619,1438.33,NA,NA,0.00405637,0.046623515,NA,NA,3.38178,67.06
SP2,Cleidion_brevipetiolatum,BUB,BUB_Cleidion_brevipetiolatum_5CN2_Blue,NA,NA,1505.10982,1807.66372,NA,NA,0.015349279,0.074533155,NA,NA,23.10235,134.73088
SP2,Cleidion_brevipetiolatum,BUB,BUB_Cleidion_brevipetiolatum_1CN2_Red,NA,NA,724.17566,949.70273,NA,NA,0.007096262,0.032881068,NA,NA,5.13894,31.22724
SP2,Cleidion_brevipetiolatum,BUB,BUB_Cleidion_brevipetiolatum_2CN2_Red,NA,NA,855.31034,1819.658,NA,NA,0.002343711,0.008473021,NA,NA,2.0046,15.418
SP2,Cleidion_brevipetiolatum,BUB,BUB_Cleidion_brevipetiolatum_3CN2_Red,NA,NA,1821.66646,1882.59744,NA,NA,0.011430962,0.053680345,NA,NA,20.8234,101.05848
SP2,Cleidion_brevipetiolatum,BUB,BUB_Cleidion_brevipetiolatum_4CN2_Red,NA,NA,964.23832,1472.26331,NA,NA,0.012238116,0.061103275,NA,NA,11.80046,89.96011
SP2,Cleidion_brevipetiolatum,BUB,BUB_Cleidion_brevipetiolatum_5CN2_Red,NA,NA,1274.33301,2124.686,NA,NA,0.002369075,0.011625247,NA,NA,3.01899,24.7
SP2,Cleidion_brevipetiolatum,BUB,BUB_Cleidion_brevipetiolatum_1CN2_White,NA,NA,616.66415,1385.07733,NA,NA,0.008197136,0.085633666,NA,NA,5.05488,118.60925
SP2,Cleidion_brevipetiolatum,BUB,BUB_Cleidion_brevipetiolatum_2CN2_White,NA,NA,868.4102,1386.882,NA,NA,0.008591113,0.046136586,NA,NA,7.46061,63.986
SP2,Cleidion_brevipetiolatum,BUB,BUB_Cleidion_brevipetiolatum_3CN2_White,NA,NA,1346.98177,2397.1018,NA,NA,0.011142638,0.039235977,NA,NA,15.00893,94.05263
SP2,Cleidion_brevipetiolatum,BUB,BUB_Cleidion_brevipetiolatum_4CN2_White,NA,NA,1127.20993,1638.377,NA,NA,0.009383328,0.045629913,NA,NA,10.57698,74.759
SP2,Cleidion_brevipetiolatum,BUB,BUB_Cleidion_brevipetiolatum_5CN2_White,NA,NA,1117.16954,1549.687,NA,NA,0.0017258970000000001,0.01275677,NA,NA,1.92812,19.769
SP1,Diospyros_kaki,BUB,BUB_Diospyros_kaki_1CN2_Blue,NA,NA,283.79725,256.09574,NA,NA,0.023458508,0.146116488,NA,NA,6.65746,37.41981
SP1,Diospyros_kaki,BUB,BUB_Diospyros_kaki_2CN2_Blue,NA,NA,270.85493,455.944,NA,NA,0.021552608,0.125379433,NA,NA,5.83763,57.166
SP1,Diospyros_kaki,BUB,BUB_Diospyros_kaki_3CN2_Blue,NA,NA,552.68836,515.62151,NA,NA,0.015249679,0.094987542,NA,NA,8.42832,48.97762
SP1,Diospyros_kaki,BUB,BUB_Diospyros_kaki_4CN2_Blue,NA,NA,424.65855,590.419,NA,NA,0.005965499,0.039553266,NA,NA,2.5333,23.353
SP1,Diospyros_kaki,BUB,BUB_Diospyros_kaki_5CN2_Blue,NA,NA,397.60276,690.878,NA,NA,0.001686784,0.009309893,NA,NA,0.67067,6.432
SP1,Diospyros_kaki,BUB,BUB_Diospyros_kaki_1CN2_Red,NA,NA,453.90319,419.79487,NA,NA,0.022104405,0.124445613,NA,NA,10.03326,52.24163
SP1,Diospyros_kaki,BUB,BUB_Diospyros_kaki_2CN2_Red,NA,NA,403.68302,720.796,NA,NA,0.010731316,0.06548316,NA,NA,4.33205,47.2
SP1,Diospyros_kaki,BUB,BUB_Diospyros_kaki_3CN2_Red,NA,NA,596.76849,937.45059,NA,NA,0.023439911,0.140474742,NA,NA,13.9882,131.68813
SP1,Diospyros_kaki,BUB,BUB_Diospyros_kaki_4CN2_Red,NA,NA,493.55688,1114.104,NA,NA,0.009239543,0.052325456,NA,NA,4.56024,58.296
SP1,Diospyros_kaki,BUB,BUB_Diospyros_kaki_5CN2_Red,NA,NA,429.9068,670.483,NA,NA,0.012173918,0.073469424,NA,NA,5.23365,49.26
SP1,Diospyros_kaki,BUB,BUB_Diospyros_kaki_1CN2_White,NA,NA,600.06086,545.12471,NA,NA,0.016932716,0.108047148,NA,NA,10.16066,58.89917
SP1,Diospyros_kaki,BUB,BUB_Diospyros_kaki_2CN2_White,NA,NA,568.59663,940.07363,NA,NA,0.016992626,0.104925888,NA,NA,9.66195,98.63806
SP1,Diospyros_kaki,BUB,BUB_Diospyros_kaki_3CN2_White,NA,NA,490.56533,874.182,NA,NA,0.001312058,0.009396213,NA,NA,0.64365000000000006,8.214
SP1,Diospyros_kaki,BUB,BUB_Diospyros_kaki_4CN2_White,NA,NA,523.81691,945.994,NA,NA,0.007474482,0.047488673,NA,NA,3.91526,44.924
SP1,Diospyros_kaki,BUB,BUB_Diospyros_kaki_5CN2_White,NA,NA,184.73497,322.842,NA,NA,0.00749517,0.041366984,NA,NA,1.38462,13.355
SP5,Garcinia_cowa,BUB,BUB_Garcinia_cowa_1CN2_Blue,NA,NA,398.99033,698.13,NA,NA,0.015264806,0.097248363,NA,NA,6.09051,67.892
SP5,Garcinia_cowa,BUB,BUB_Garcinia_cowa_2CN2_Blue,NA,NA,469.91469,778.53365,NA,NA,0.009040428,0.050661368,NA,NA,4.24823,39.44158
SP5,Garcinia_cowa,BUB,BUB_Garcinia_cowa_3CN2_Blue,NA,NA,495.38291,714.83399,NA,NA,0.008487515,0.043602347,NA,NA,4.20457,31.16844
SP5,Garcinia_cowa,BUB,BUB_Garcinia_cowa_4CN2_Blue,NA,NA,554.25102,932.89358,NA,NA,0.008384775,0.057226785,NA,NA,4.64727,53.3865
SP5,Garcinia_cowa,BUB,BUB_Garcinia_cowa_5CN2_Blue,NA,NA,498.10814,890.72031,NA,NA,0.015814016,0.093967286,NA,NA,7.87709,83.69857
SP5,Garcinia_cowa,BUB,BUB_Garcinia_cowa_1CN2_Red,NA,NA,463.42267,855.274,NA,NA,0.002546595,0.013925362,NA,NA,1.18015,11.91
SP5,Garcinia_cowa,BUB,BUB_Garcinia_cowa_2CN2_Red,NA,NA,464.24849,622.36009,NA,NA,0.009211554,0.041280153,NA,NA,4.27645,25.69112
SP5,Garcinia_cowa,BUB,BUB_Garcinia_cowa_3CN2_Red,NA,NA,635.48155,1048.75122,NA,NA,0.00612674,0.035816168,NA,NA,3.89343,37.56225
SP5,Garcinia_cowa,BUB,BUB_Garcinia_cowa_4CN2_Red,NA,NA,340.80604,605.83,NA,NA,0.02225832,0.142277537,NA,NA,7.58577,86.196
SP5,Garcinia_cowa,BUB,BUB_Garcinia_cowa_5CN2_Red,NA,NA,478.5233,562.28336,NA,NA,0.019964963,0.089938372,NA,NA,9.5537,50.57085
SP5,Garcinia_cowa,BUB,BUB_Garcinia_cowa_1CN2_White,NA,NA,578.83091,1016.686,NA,NA,0.016087185,0.086695401,NA,NA,9.31176,88.142
SP5,Garcinia_cowa,BUB,BUB_Garcinia_cowa_2CN2_White,NA,NA,360.09129,467.81335,NA,NA,0.010889933,0.053051864,NA,NA,3.92137,24.81837
SP5,Garcinia_cowa,BUB,BUB_Garcinia_cowa_3CN2_White,NA,NA,527.78253,775.63398,NA,NA,0.006850681,0.036157016,NA,NA,3.61567,28.04461
SP5,Garcinia_cowa,BUB,BUB_Garcinia_cowa_4CN2_White,NA,NA,390.66407,546.10066,NA,NA,0.007947468,0.039879608,NA,NA,3.10479,21.77828
SP5,Garcinia_cowa,BUB,BUB_Garcinia_cowa_5CN2_White,NA,NA,576.5296,834.10069,NA,NA,0.016829266,0.087777016,NA,NA,9.70257,73.21487
SP3,Orophea_laui,BUB,BUB_Orophea_laui_1CN2_Blue,NA,NA,375.19866,660.91218,NA,NA,0.010064988,0.053975401,NA,NA,3.77637,35.673
SP3,Orophea_laui,BUB,BUB_Orophea_laui_2CN2_Blue,NA,NA,329.87469,664.497,NA,NA,0.009303988,0.052770742,NA,NA,3.06915,35.066
SP3,Orophea_laui,BUB,BUB_Orophea_laui_3CN2_Blue,NA,NA,307.14931,570.96,NA,NA,0.002819345,0.017798094,NA,NA,0.86596,10.162
SP3,Orophea_laui,BUB,BUB_Orophea_laui_4CN2_Blue,NA,NA,476.502,860.616,NA,NA,0.005015047,0.029890218,NA,NA,2.38968,25.724
SP3,Orophea_laui,BUB,BUB_Orophea_laui_5CN2_Blue,NA,NA,303.04997,523.926,NA,NA,0.016498434,0.095204285,NA,NA,4.99985,49.88
SP3,Orophea_laui,BUB,BUB_Orophea_laui_1CN2_Red,NA,NA,375.3321,625.49738,NA,NA,0.027164956,0.176676503,NA,NA,10.19588,110.51069
SP3,Orophea_laui,BUB,BUB_Orophea_laui_2CN2_Red,NA,NA,487.93418,772.545,NA,NA,0.013149601,0.080627018,NA,NA,6.41614,62.288
SP3,Orophea_laui,BUB,BUB_Orophea_laui_3CN2_Red,NA,NA,674.8636,1176.518,NA,NA,0.011356399,0.067177893,NA,NA,7.66402,79.036
SP3,Orophea_laui,BUB,BUB_Orophea_laui_4CN2_Red,NA,NA,492.99271,853.156,NA,NA,0.008633109,0.0557905,NA,NA,4.25606,47.598
SP3,Orophea_laui,BUB,BUB_Orophea_laui_5CN2_Red,NA,NA,471.78402,718.12748,NA,NA,0.006010526,0.032569482,NA,NA,2.83567,23.38904
SP3,Orophea_laui,BUB,BUB_Orophea_laui_1CN2_White,NA,NA,396.53632,601.67315,NA,NA,0.010601551,0.057800585,NA,NA,4.2039,34.77706
SP3,Orophea_laui,BUB,BUB_Orophea_laui_2CN2_White,NA,NA,476.16668,849.862,NA,NA,0.020866055,0.129282166,NA,NA,9.93572,109.872
SP3,Orophea_laui,BUB,BUB_Orophea_laui_3CN2_White,NA,NA,488.79644,545.548,NA,NA,0.00832948,0.044580385,NA,NA,4.07142,24.32074
SP3,Orophea_laui,BUB,BUB_Orophea_laui_4CN2_White,NA,NA,848.72354,1482.11,NA,NA,0.008527264,0.052213398,NA,NA,7.23729,77.386
SP3,Orophea_laui,BUB,BUB_Orophea_laui_5CN2_White,NA,NA,448.25618,829.348,NA,NA,0.013209478,0.075382107,NA,NA,5.92123,62.518
SP8,Pittosporopsis_kerrii,BUB,BUB_Pittosporopsis_kerrii_1CN2_Blue,NA,NA,910.7603,1335.36313,NA,NA,0.001853825,0.00840504,NA,NA,1.68839,11.22378
SP8,Pittosporopsis_kerrii,BUB,BUB_Pittosporopsis_kerrii_2CN2_Blue,NA,NA,804.23433,1266.44079,NA,NA,0.006514432,0.029716699,NA,NA,5.23913,37.63444
SP8,Pittosporopsis_kerrii,BUB,BUB_Pittosporopsis_kerrii_3CN2_Blue,NA,NA,840.62026,1361.44054,NA,NA,0.004988757,0.021132954,NA,NA,4.19365,28.77126
SP8,Pittosporopsis_kerrii,BUB,BUB_Pittosporopsis_kerrii_4CN2_Blue,NA,NA,913.6484,866.54113,NA,NA,0.022298085,0.136632949,NA,NA,20.37261,118.39807
SP8,Pittosporopsis_kerrii,BUB,BUB_Pittosporopsis_kerrii_5CN2_Blue,NA,NA,456.50434,771.34372,NA,NA,0.001654092,0.010254119,NA,NA,0.7551,7.90945
SP8,Pittosporopsis_kerrii,BUB,BUB_Pittosporopsis_kerrii_1CN2_Red,NA,NA,917.27004,1349.29804,NA,NA,0.008357561,0.032122162,NA,NA,7.66614,43.34237
SP8,Pittosporopsis_kerrii,BUB,BUB_Pittosporopsis_kerrii_2CN2_Red,NA,NA,676.15738,1232.524,NA,NA,0.001826956,0.011280916,NA,NA,1.23531,13.904
SP8,Pittosporopsis_kerrii,BUB,BUB_Pittosporopsis_kerrii_3CN2_Red,NA,NA,983.88317,1708.558,NA,NA,3.42e-4,0.002119916,NA,NA,0.33667,3.622
SP8,Pittosporopsis_kerrii,BUB,BUB_Pittosporopsis_kerrii_4CN2_Red,NA,NA,765.58294,703.10082,NA,NA,0.016174838,0.096780288,NA,NA,12.38318,68.0463
SP8,Pittosporopsis_kerrii,BUB,BUB_Pittosporopsis_kerrii_5CN2_Red,NA,NA,555.89829,917.72601,NA,NA,0.006620276,0.034445499,NA,NA,3.6802,31.61153
SP8,Pittosporopsis_kerrii,BUB,BUB_Pittosporopsis_kerrii_1CN2_White,NA,NA,803.55695,956.43766,NA,NA,0.006192442,0.031618809,NA,NA,4.97598,30.24142
SP8,Pittosporopsis_kerrii,BUB,BUB_Pittosporopsis_kerrii_2CN2_White,NA,NA,1042.34198,1529.93675,NA,NA,0.007000956,0.027333869,NA,NA,7.29739,41.81909
SP8,Pittosporopsis_kerrii,BUB,BUB_Pittosporopsis_kerrii_3CN2_White,NA,NA,939.55322,862.59764,NA,NA,0.012562694,0.077633866,NA,NA,11.80332,66.96679
SP8,Pittosporopsis_kerrii,BUB,BUB_Pittosporopsis_kerrii_4CN2_White,NA,NA,1177.12642,1079.86774,NA,NA,0.018069385,0.098695355,NA,NA,21.26995,106.57793
SP8,Pittosporopsis_kerrii,BUB,BUB_Pittosporopsis_kerrii_5CN2_White,NA,NA,732.70748,1155.88822,NA,NA,0.021269552,0.099495339,NA,NA,15.58436,115.00549
SP6,Saprosma_ternata,BUB,BUB_Saprosma_ternata_1CN2_Blue,NA,NA,420.83422,663.541,NA,NA,0.001053883,0.006272408,NA,NA,0.44351,4.162
SP6,Saprosma_ternata,BUB,BUB_Saprosma_ternata_2CN2_Blue,NA,NA,764.93897,1401.86,NA,NA,0.008145617,0.041337937,NA,NA,6.2309,57.95
SP6,Saprosma_ternata,BUB,BUB_Saprosma_ternata_3CN2_Blue,NA,NA,554.49699,502.01884,NA,NA,0.006594373,0.035236526,NA,NA,3.65656,17.6894
SP6,Saprosma_ternata,BUB,BUB_Saprosma_ternata_4CN2_Blue,NA,NA,539.25097,737.38869,NA,NA,0.02911177,0.160694681,NA,NA,15.69855,118.49444
SP6,Saprosma_ternata,BUB,BUB_Saprosma_ternata_5CN2_Blue,NA,NA,920.62124,1405.6239,NA,NA,0.004968417,0.02330829,NA,NA,4.57403,32.76269
SP6,Saprosma_ternata,BUB,BUB_Saprosma_ternata_1CN2_Red,NA,NA,787.31861,1242.575,NA,NA,0.00124797,0.009030441,NA,NA,0.98255,11.221
SP6,Saprosma_ternata,BUB,BUB_Saprosma_ternata_2CN2_Red,NA,NA,971.90626,1904.051,NA,NA,0.003226793,0.023073962,NA,NA,3.13614,43.934
SP6,Saprosma_ternata,BUB,BUB_Saprosma_ternata_3CN2_Red,NA,NA,658.38195,597.21998,NA,NA,0.005151341,0.029499264,NA,NA,3.39155,17.61755
SP6,Saprosma_ternata,BUB,BUB_Saprosma_ternata_4CN2_Red,NA,NA,428.74162,774.206,NA,NA,0.02063098,0.130316737,NA,NA,8.84536,100.892
SP6,Saprosma_ternata,BUB,BUB_Saprosma_ternata_5CN2_Red,NA,NA,750.27333,1334.574,NA,NA,0.011851774,0.068415839,NA,NA,8.89207,91.306
SP6,Saprosma_ternata,BUB,BUB_Saprosma_ternata_1CN2_White,NA,NA,752.21137,1148.274,NA,NA,0.006708194,0.03252708,NA,NA,5.04598,37.35
SP6,Saprosma_ternata,BUB,BUB_Saprosma_ternata_2CN2_White,NA,NA,702.26723,1024.719,NA,NA,0.003095332,0.011947666,NA,NA,2.17375,12.243
SP6,Saprosma_ternata,BUB,BUB_Saprosma_ternata_3CN2_White,NA,NA,1003.0375,904.67226,NA,NA,0.014760804,0.08746279,NA,NA,14.80564,79.12516
SP6,Saprosma_ternata,BUB,BUB_Saprosma_ternata_4CN2_White,NA,NA,336.83639,621.542,NA,NA,0.018649618,0.094851193,NA,NA,6.28187,58.954
SP6,Saprosma_ternata,BUB,BUB_Saprosma_ternata_5CN2_White,NA,NA,848.5538,1592.97,NA,NA,0.004003105,0.023779481,NA,NA,3.39685,37.88
SP7,Shorea_wangtianshuea,BUB,BUB_Shorea_wangtianshuea_1CN2_Blue,NA,NA,950.68527,1375.73812,NA,NA,0.049450908,0.256549662,NA,NA,47.01225,352.94515
SP7,Shorea_wangtianshuea,BUB,BUB_Shorea_wangtianshuea_2CN2_Blue,NA,NA,723.43248,1336.178,NA,NA,0.007611975,0.047140426,NA,NA,5.50675,62.988
SP7,Shorea_wangtianshuea,BUB,BUB_Shorea_wangtianshuea_3CN2_Blue,NA,NA,738.92017,1256.205,NA,NA,0.008722485,0.056610983,NA,NA,6.44522,71.115
SP7,Shorea_wangtianshuea,BUB,BUB_Shorea_wangtianshuea_4CN2_Blue,NA,NA,584.89294,882.51707,NA,NA,0.009629694,0.058766965,NA,NA,5.63234,51.86285
SP7,Shorea_wangtianshuea,BUB,BUB_Shorea_wangtianshuea_5CN2_Blue,NA,NA,225.77502,899.616,NA,NA,2.65e-4,0.003201366,NA,NA,0.0599,2.88
SP7,Shorea_wangtianshuea,BUB,BUB_Shorea_wangtianshuea_1CN2_Red,NA,NA,667.5153,1070.38508,NA,NA,0.023685944,0.131372151,NA,NA,15.81073,140.61879
SP7,Shorea_wangtianshuea,BUB,BUB_Shorea_wangtianshuea_2CN2_Red,NA,NA,796.20741,1152.90006,NA,NA,0.008341018,0.046081462,NA,NA,6.64118,53.12732
SP7,Shorea_wangtianshuea,BUB,BUB_Shorea_wangtianshuea_3CN2_Red,NA,NA,796.86255,1505.399,NA,NA,0.007526066,0.047406037,NA,NA,5.99724,71.365
SP7,Shorea_wangtianshuea,BUB,BUB_Shorea_wangtianshuea_4CN2_Red,NA,NA,523.80334,738.889,NA,NA,9.07e-4,0.004338947,NA,NA,0.47521,3.206
SP7,Shorea_wangtianshuea,BUB,BUB_Shorea_wangtianshuea_5CN2_Red,NA,NA,812.31383,1360.093,NA,NA,0.001081011,0.006652486,NA,NA,0.87812,9.048
SP7,Shorea_wangtianshuea,BUB,BUB_Shorea_wangtianshuea_1CN2_White,NA,NA,984.71584,1584.57357,NA,NA,0.0131391,0.084445533,NA,NA,12.93828,133.81016
SP7,Shorea_wangtianshuea,BUB,BUB_Shorea_wangtianshuea_2CN2_White,NA,NA,778.07139,1164.50624,NA,NA,0.013599215,0.084583901,NA,NA,10.58116,98.49848
SP7,Shorea_wangtianshuea,BUB,BUB_Shorea_wangtianshuea_3CN2_White,NA,NA,822.37356,1454.81,NA,NA,0.018900182,0.111659942,NA,NA,15.54301,162.444
SP7,Shorea_wangtianshuea,BUB,BUB_Shorea_wangtianshuea_4CN2_White,NA,NA,596.04945,1081.72701,NA,NA,0.00562398,0.026903202,NA,NA,3.35217,29.10192
SP7,Shorea_wangtianshuea,BUB,BUB_Shorea_wangtianshuea_5CN2_White,NA,NA,812.73976,1441.666,NA,NA,0.010583302,0.066708933,NA,NA,8.60147,96.172
SP4,Erythrospermum_candidum,KAK,KAK_Erythrospermum_candidum_2CN2_Blue,635.36523,707.598,NA,NA,0.029133417000000002,0.037509999,NA,NA,18.51036,26.542,NA,NA
SP4,Erythrospermum_candidum,KAK,KAK_Erythrospermum_candidum_2CN2_Red,783.23603,790.479,NA,NA,0.136171085,0.147451102,NA,NA,106.6541,116.557,NA,NA
SP4,Erythrospermum_candidum,KAK,KAK_Erythrospermum_candidum_2CN2_White,757.11737,813.35,NA,NA,0.109686045,0.150744452,NA,NA,83.04521,122.608,NA,NA
SP1,Pometia_pinnata,KAK,KAK_Pometia_pinnata_1CN2_Blue,649.29015,672.47325,1148.02662,1214.227,0.071222411,0.101120335,0.043809254,0.023334187,46.24401,68.00072,50.29419,28.333
SP1,Pometia_pinnata,KAK,KAK_Pometia_pinnata_2CN2_Blue,829.43687,907.16974,1062.31324,1139.737,0.180586703,0.125131687,0.025056913,0.076555381,149.78527,113.51568,26.61829,87.253
SP1,Pometia_pinnata,KAK,KAK_Pometia_pinnata_3CN2_Blue,1165.64044,1288.11377,959.82967,1052.755,0.144363034,0.075812643,0.071212041,0.066850312,168.27539,97.65531,68.35143,70.377
SP1,Pometia_pinnata,KAK,KAK_Pometia_pinnata_4CN2_Blue,795.3243,844.44493,692.84082,725.733,0.087330225,0.085075613,0.094572546,0.065794169,69.45585,71.84167,65.52372,47.749
SP1,Pometia_pinnata,KAK,KAK_Pometia_pinnata_5CN2_Blue,1229.306,1305.38291,1729.71151,1797.867,0.108045637,0.084976499,0.101563064,0.096487671,132.82115,110.92687,175.6748,173.472
SP1,Pometia_pinnata,KAK,KAK_Pometia_pinnata_1CN2_Red,960.6686,965.94708,461.92401,500.15,0.141859846,0.102359013,0.024352858,0.025678297,136.2803,98.87339,11.24917,12.843
SP1,Pometia_pinnata,KAK,KAK_Pometia_pinnata_2CN2_Red,971.32943,1059.8378,1288.81497,1323.948,0.105575963,0.088918578,0.031885717,0.015854097,102.54904,94.23927,41.09479,20.99
SP1,Pometia_pinnata,KAK,KAK_Pometia_pinnata_3CN2_Red,963.13222,1023.587,826.11112,863.036,0.177244657,0.136527916,0.025221982,0.029754263,170.71004,139.7482,20.83616,25.679
SP1,Pometia_pinnata,KAK,KAK_Pometia_pinnata_4CN2_Red,1105.79796,1124.57653,572.4617,607.065,0.069322799,0.071642194,0.127756023,0.165397445,76.65701,80.56713,73.13543,100.407
SP1,Pometia_pinnata,KAK,KAK_Pometia_pinnata_5CN2_Red,961.15675,988.73478,741.8477,780.978,0.067603635,0.093790905,0.118982306,0.270389179,64.97769,92.73433,88.26675,211.168
SP1,Pometia_pinnata,KAK,KAK_Pometia_pinnata_1CN2_White,979.70333,1015.86175,618.37761,658.598,0.086490662,0.096624319,0.035444669,0.021427335,84.73519,98.15695,21.91819,14.112
SP1,Pometia_pinnata,KAK,KAK_Pometia_pinnata_2CN2_White,632.83583,707.27142,948.70097,1004.427,0.083954222,0.117388725,0.017410238,0.014724813,53.12924,83.02569,16.51711,14.79
SP1,Pometia_pinnata,KAK,KAK_Pometia_pinnata_3CN2_White,902.35748,907.21678,558.72283,590.288,0.103743408,0.114520402,0.058076471,0.092685265,93.61364,103.89483,32.44865,54.711
SP1,Pometia_pinnata,KAK,KAK_Pometia_pinnata_4CN2_White,1178.48632,1207.63504,416.66321,455.206,0.121296631,0.074231268,0.092857802,0.170661195,142.94642,89.64428,38.69043,77.686
SP1,Pometia_pinnata,KAK,KAK_Pometia_pinnata_5CN2_White,1317.55113,1411.82717,1157.91027,1220.797,0.082210616,0.114064075,0.040151004,0.023406021,108.31669,161.03876,46.49126,28.574
SP8,Argyrodendron_peralatum,DRO,DRO_Argyrodendron_peralatum_1CN2_Blue,875.48394,898.18159,1087.19465,1053.792,0.051195993,0.023376732,0.063589643,0.110759998,44.82127,20.99655,69.13432,116.718
SP8,Argyrodendron_peralatum,DRO,DRO_Argyrodendron_peralatum_2CN2_Blue,1443.50955,954.47052,909.55769,884.113,0.050152138,0.013623229,0.039285084,0.094069423,72.39509,13.00297,35.73205,83.168
SP8,Argyrodendron_peralatum,DRO,DRO_Argyrodendron_peralatum_3CN2_Blue,979.21793,959.16476,542.85833,514.799,0.059127573,0.02687018,0.069780066,0.038989975,57.89878,25.77293,37.88069,20.072
SP8,Argyrodendron_peralatum,DRO,DRO_Argyrodendron_peralatum_4CN2_Blue,875.63182,837.02835,804.49812,644.793,0.036801895,0.035517925,0.081870633,0.064577314,32.22491,29.72951,65.86477,41.639
SP8,Argyrodendron_peralatum,DRO,DRO_Argyrodendron_peralatum_5CN2_Blue,1113.24761,911.08195,689.81341,666.458,0.065228525,0.024431348,0.073565792,0.167537939,72.6155,22.25896,50.74667,111.657
SP8,Argyrodendron_peralatum,DRO,DRO_Argyrodendron_peralatum_1CN2_Red,926.02002,887.91623,1100.66519,940.393,0.050089381,0.037877098,0.064126313,0.063849901,46.38377,33.63169,70.5816,60.044
SP8,Argyrodendron_peralatum,DRO,DRO_Argyrodendron_peralatum_2CN2_Red,558.37947,1044.02622,821.62231,729.71,0.044733683,0.026712567,0.063319751,0.085970975,24.97837,27.88862,52.02492,62.73388
SP8,Argyrodendron_peralatum,DRO,DRO_Argyrodendron_peralatum_3CN2_Red,915.72189,934.49722,399.38246,332.248,0.049913637,0.026765933,0.058471722,0.122113602,45.70701,25.01269,23.35258,40.572
SP8,Argyrodendron_peralatum,DRO,DRO_Argyrodendron_peralatum_4CN2_Red,1164.50775,761.2573,760.28711,616.261,0.04958599,0.036874379,0.05554812,0.050512689,57.74327,28.07089,42.23252,31.129
SP8,Argyrodendron_peralatum,DRO,DRO_Argyrodendron_peralatum_5CN2_Red,816.7887,909.88478,582.91535,502.068,0.056412889,0.028199219,0.092732452,0.07316738,46.07741,25.65804,54.05517,36.735
SP8,Argyrodendron_peralatum,DRO,DRO_Argyrodendron_peralatum_1CN2_White,1059.37361,897.34226,943.08628,791.176,0.052068675,0.025958289,0.055969174,0.070957663,55.16018,23.29347,52.78376,56.14
SP8,Argyrodendron_peralatum,DRO,DRO_Argyrodendron_peralatum_2CN2_White,989.49222,806.9522,945.59006,766.223,0.05282463,0.022033436,0.072207136,0.093899557,52.26956,17.77993,68.27835,71.948
SP8,Argyrodendron_peralatum,DRO,DRO_Argyrodendron_peralatum_3CN2_White,1262.30527,1039.31859,412.76871,355.342,0.051357458,0.028268685000000002,0.083241775,0.069265665,64.82879,29.38017,34.3596,24.613
SP8,Argyrodendron_peralatum,DRO,DRO_Argyrodendron_peralatum_4CN2_White,591.34574,887.48597,628.04479,663.085,0.044469518,0.024223662,0.070777818,0.028083881,26.29686,21.49816,44.45164,18.622
SP8,Argyrodendron_peralatum,DRO,DRO_Argyrodendron_peralatum_5CN2_White,880.28861,819.50973,627.94502,521.994,0.050508662,0.030518051,0.063994838,0.053711345,44.4622,25.00984,40.18524,28.037
SP3,Cleistanthus _myrianthus,DRO,DRO_Cleistanthus _myrianthus_1CN2_Blue,1028.79347,598.60923,1408.30573,1343.457,0.04097179,0.041875716,0.035184484,0.104760331,42.15151,25.06719,49.55051,140.741
SP3,Cleistanthus _myrianthus,DRO,DRO_Cleistanthus _myrianthus_3CN2_Blue,997.47012,480.93865,1668.82676,1683.768,0.041119818,0.084910289,0.031738273,0.096431284,41.01579,40.83664,52.96568,162.36791
SP3,Cleistanthus _myrianthus,DRO,DRO_Cleistanthus _myrianthus_4CN2_Blue,1199.99354,998.67921,1622.50035,1340.483,0.046336591,0.044509337,0.073831892,0.059387549,55.60361,44.45055,119.79227,79.608
SP3,Cleistanthus _myrianthus,DRO,DRO_Cleistanthus _myrianthus_5CN2_Blue,818.51652,449.4239,1518.46311,1425.471,0.062794786,0.082205219,0.055790364,0.061448462,51.39857,36.94499,84.71561,87.593
SP3,Cleistanthus _myrianthus,DRO,DRO_Cleistanthus _myrianthus_1CN2_Red,560.79733,715.87593,1378.28322,1141.38,0.060899488,0.052826556,0.057251375,0.098922795,34.15227,37.81726,78.90861,112.9085
SP3,Cleistanthus _myrianthus,DRO,DRO_Cleistanthus _myrianthus_3CN2_Red,372.87738,810.65078,1210.52664,1082.651,0.062733679,0.028358389,0.040065215,0.123960898,23.39197,22.98875,48.50001,134.20639
SP3,Cleistanthus _myrianthus,DRO,DRO_Cleistanthus _myrianthus_4CN2_Red,1434.31603,833.05157,1495.14091,1378.915,0.057145377,0.080958337,0.060723922,0.101729258,81.96453,67.44247,90.79082,140.276
SP3,Cleistanthus _myrianthus,DRO,DRO_Cleistanthus _myrianthus_5CN2_Red,640.4557,794.76034,1278.15041,1098.968,0.049838342,0.033338641,0.056405044,0.050164336,31.91925,26.49623,72.09413,55.129
SP3,Cleistanthus _myrianthus,DRO,DRO_Cleistanthus _myrianthus_1CN2_White,474.52517,619.35104,1470.67826,1321.121,0.048016926,0.092624451,0.053306772,0.08860034,22.78524,57.36705,78.39711,117.05177
SP3,Cleistanthus _myrianthus,DRO,DRO_Cleistanthus _myrianthus_3CN2_White,741.57099,728.61763,1301.09393,1130.74,0.055050697,0.06313424,0.045588069,0.12359775,40.824,46.00072,59.31436,139.75692
SP3,Cleistanthus _myrianthus,DRO,DRO_Cleistanthus _myrianthus_4CN2_White,314.61009,943.87776,1332.18446,1434.369,0.058789723,0.059350609,0.048797822,0.067807824,18.49584,56.01972,65.0077,97.26144
SP3,Cleistanthus _myrianthus,DRO,DRO_Cleistanthus _myrianthus_5CN2_White,446.04509,524.01723,1412.08688,1208.403,0.054007074,0.106978677,0.066674835,0.054309696,24.08959,56.05867,94.15066,65.628
SP2,Dysoxylum_sp.,DRO,DRO_Dysoxylum_sp._1CN2_Blue,1722.67332,1086.41692,1133.3414,989.134,0.046221364,0.064415473,0.079715459,0.048070332,79.62431,69.98206,90.34483,47.548
SP2,Dysoxylum_sp.,DRO,DRO_Dysoxylum_sp._2CN2_Blue,1101.44817,1055.97599,1126.44105,1058.429,0.039308949,0.037098391,0.045824289,0.110189725,43.29677,39.17501,51.61836,116.628
SP2,Dysoxylum_sp.,DRO,DRO_Dysoxylum_sp._3CN2_Blue,963.3013,973.93399,1662.08458,1243.937,0.054980036,0.077954544,0.050921494,0.100419877,52.96234,75.92258,84.63583,124.916
SP2,Dysoxylum_sp.,DRO,DRO_Dysoxylum_sp._4CN2_Blue,1460.2756,914.40083,1173.45172,1143.543,0.049092973,0.058106181,0.063188241,0.031789797,71.68927,53.13234,74.14835,36.353
SP2,Dysoxylum_sp.,DRO,DRO_Dysoxylum_sp._5CN2_Blue,1055.51397,1121.14232,1022.91267,985.204,0.041963651,0.093582579,0.068732495,0.059155261,44.29322,104.91939,70.30734,58.28
SP2,Dysoxylum_sp.,DRO,DRO_Dysoxylum_sp._1CN2_Red,669.03223,1177.26147,997.32937,789.275,0.049841799,0.084801221,0.067290699,0.077841057,33.34577,99.83321,67.11099,61.438
SP2,Dysoxylum_sp.,DRO,DRO_Dysoxylum_sp._2CN2_Red,906.86387,833.23596,923.86608,826.641,0.055921999,0.122042944,0.061672239,0.09558673,50.71364,101.69057,56.97689,79.01591
SP2,Dysoxylum_sp.,DRO,DRO_Dysoxylum_sp._3CN2_Red,671.35121,1061.44862,1059.89463,1132.63,0.069797655,0.027940109,0.044457457,0.062026434,46.85874,29.65699,47.12022,70.253
SP2,Dysoxylum_sp.,DRO,DRO_Dysoxylum_sp._4CN2_Red,767.95284,1166.7024,1164.52062,945.97,0.0489875,0.016513714,0.070110429,0.098173304,37.62009,19.26659,81.64504,92.869
SP2,Dysoxylum_sp.,DRO,DRO_Dysoxylum_sp._5CN2_Red,849.90584,963.5152,923.96767,793.946,0.057207373,0.043663349,0.068254672,0.054591874,48.62088,42.0703,63.06511,43.343
SP2,Dysoxylum_sp.,DRO,DRO_Dysoxylum_sp._1CN2_White,1124.40327,996.479,883.44942,869.531,0.049965837,0.030269419,0.068765069,0.066749777,56.18175,30.16284,60.75046,58.041
SP2,Dysoxylum_sp.,DRO,DRO_Dysoxylum_sp._2CN2_White,897.46753,874.54022,1036.94016,844.496,0.052429741,0.079484155,0.078385198,0.089312442,47.05399,69.51209,81.28076,75.424
SP2,Dysoxylum_sp.,DRO,DRO_Dysoxylum_sp._3CN2_White,1095.19736,569.28498,1113.73152,1031.909,0.064202876,0.02527121,0.058174541,0.09294618,70.31482,14.38652,64.79082,95.912
SP2,Dysoxylum_sp.,DRO,DRO_Dysoxylum_sp._4CN2_White,918.83591,875.11084,1212.03329,1019.535,0.048499454,0.044253868,0.073828022,0.091948781,44.56304,38.72704,89.48202,93.745
SP2,Dysoxylum_sp.,DRO,DRO_Dysoxylum_sp._5CN2_White,1196.94106,822.8235,1047.66943,864.483,0.042068763,0.073801903,0.068136578,0.061258579,50.35383,60.72594,71.38461,52.957
SP7,Endiandra_leptodendron,DRO,DRO_Endiandra_leptodendron_1CN2_Blue,576.77481,407.38255,1454.55614,1331.579,0.053542127,0.037539875,0.048104647,0.120506819,30.88175,15.29309,69.97091,160.46435
SP7,Endiandra_leptodendron,DRO,DRO_Endiandra_leptodendron_2CN2_Blue,194.1767,507.28968,1508.34279,1410.263,0.010103529,0.124430463,0.064817335,0.082873904,1.96187,63.12229,97.76676,116.874
SP7,Endiandra_leptodendron,DRO,DRO_Endiandra_leptodendron_3CN2_Blue,884.05403,683.18589,1388.72448,1308.325,0.03836468,0.080816174,0.047716268,0.099101324,33.91645,55.21247,66.26475,129.65674
SP7,Endiandra_leptodendron,DRO,DRO_Endiandra_leptodendron_4CN2_Blue,1190.2846,853.27471,1878.55,1773.846,0.044305597,0.147189948,0.080217482,0.050433352,52.73627,125.59346,150.69255,89.461
SP7,Endiandra_leptodendron,DRO,DRO_Endiandra_leptodendron_5CN2_Blue,594.44779,656.74763,1566.43875,1526.67411,0.056044888,0.084816842,0.06790609,0.054953365,33.31576,55.70326,106.37073,83.89588
SP7,Endiandra_leptodendron,DRO,DRO_Endiandra_leptodendron_1CN2_Red,564.17613,275.01095,1359.15687,1225.952,0.056164446,0.126637539,0.035868751,0.145590521,31.68664,34.82671,48.75126,178.48699
SP7,Endiandra_leptodendron,DRO,DRO_Endiandra_leptodendron_2CN2_Red,535.24525,NA,1392.64888,1165.858,0.045787291,NA,0.045569598,0.107885351,24.50743,NA,63.46245,125.779
SP7,Endiandra_leptodendron,DRO,DRO_Endiandra_leptodendron_3CN2_Red,649.2347,553.00578,1048.21927,891.381,0.055130002,0.163822718,0.052380119,0.119226234,35.79231,90.59491,54.90585,106.276
SP7,Endiandra_leptodendron,DRO,DRO_Endiandra_leptodendron_4CN2_Red,331.55437,814.79778,1697.31947,1453.279,0.059152681,0.16264967,0.056182128,0.043112162,19.61233,132.52659,95.35902,62.654
SP7,Endiandra_leptodendron,DRO,DRO_Endiandra_leptodendron_5CN2_Red,836.92974,684.65138,1377.02964,1135.2703,0.041167757,0.074578729,0.064057278,0.040004711,34.45452,51.06043,88.20877,45.41616
SP7,Endiandra_leptodendron,DRO,DRO_Endiandra_leptodendron_1CN2_White,274.10971,651.08474,1397.32645,1340.402,0.061096814,0.147661332,0.043495892,0.138852799,16.74723,96.14004,60.77796,186.11857
SP7,Endiandra_leptodendron,DRO,DRO_Endiandra_leptodendron_2CN2_White,637.17056,798.23473,1470.91349,1311.235,0.051385158,0.104726325,0.053148918,0.112024923,32.74111,83.596190000000007,78.17746,146.891
SP7,Endiandra_leptodendron,DRO,DRO_Endiandra_leptodendron_3CN2_White,476.555,657.8839,1135.35547,947.3,0.064433948,0.160931952,0.060755298,0.096184799,30.70632,105.87454,68.97886,91.11586
SP7,Endiandra_leptodendron,DRO,DRO_Endiandra_leptodendron_4CN2_White,882.638,611.91573,1493.34362,1331.586,0.041689787,0.09358787,0.072151813,0.068054936,36.79699,57.26789,107.74745,90.621
SP7,Endiandra_leptodendron,DRO,DRO_Endiandra_leptodendron_5CN2_White,723.74998,685.32634,1432.65648,1339.17886,0.043683151,0.114798608,0.069749009,0.078472378,31.61568,78.67451,99.92637,105.08855
SP4,Haplostichanthus_ramiflorus,DRO,DRO_Haplostichanthus_ramiflorus_1CN2_Blue,73.93199,59.18939,849.04219,637.803,0.05212615,0.056201796,0.067123826,0.092150711,3.85379,3.32655,56.99096,58.774
SP4,Haplostichanthus_ramiflorus,DRO,DRO_Haplostichanthus_ramiflorus_2CN2_Blue,93.87535,26.85474,655.48343,654.753,0.045906939,0.197299248,0.077018713,0.064583133,4.30953,5.29842,50.48449,42.286
SP4,Haplostichanthus_ramiflorus,DRO,DRO_Haplostichanthus_ramiflorus_3CN2_Blue,63.67679,90.92983,631.83085,516.981,0.059136304,0.019347886,0.065594597,0.219581455,3.76561,1.7593,41.44469,113.51944
SP4,Haplostichanthus_ramiflorus,DRO,DRO_Haplostichanthus_ramiflorus_4CN2_Blue,93.97567,86.69414,623.73292,510.864,0.036496255,0.186005767,0.068556555,0.116140499,3.42976,16.125610000000002,42.760980000000004,59.332
SP4,Haplostichanthus_ramiflorus,DRO,DRO_Haplostichanthus_ramiflorus_5CN2_Blue,1469.64559,910.82235,686.59611,628.527,0.057551597,0.01154605,0.058528893,0.230630538,84.58045,10.5164,40.18571,144.95752
SP4,Haplostichanthus_ramiflorus,DRO,DRO_Haplostichanthus_ramiflorus_1CN2_Red,71.24311,111.12084,777.36683,677.986,0.063571481,0.069853414,0.080226333,0.056275498,4.52903,7.76217,62.36529,38.154
SP4,Haplostichanthus_ramiflorus,DRO,DRO_Haplostichanthus_ramiflorus_2CN2_Red,10.94857,105.5842,549.20256,469.993,0.028709685,0.125578259,0.05234657,0.090763054,0.31433,13.25908,28.74887,42.658
SP4,Haplostichanthus_ramiflorus,DRO,DRO_Haplostichanthus_ramiflorus_3CN2_Red,122.35105,111.88818,443.54749,488.151,0.068080168,0.012598918,0.060346977,0.083759943,8.32968,1.40967,26.76675,40.8875
SP4,Haplostichanthus_ramiflorus,DRO,DRO_Haplostichanthus_ramiflorus_4CN2_Red,149.14732,96.68186,561.70596,474.108,0.045932974,0.154893896,0.053742495,0.117749542,6.85078,14.97543,30.18748,55.826
SP4,Haplostichanthus_ramiflorus,DRO,DRO_Haplostichanthus_ramiflorus_5CN2_Red,1080.47354,980.93813,541.5583,470.868,0.050600841,0.011564144,0.060737634,0.105825837,54.67287,11.34371,32.89297,49.83
SP4,Haplostichanthus_ramiflorus,DRO,DRO_Haplostichanthus_ramiflorus_1CN2_White,78.35778,41.37861,660.27276,709.203,0.044785215,0.184001106,0.053274922,0.096607036,3.50927,7.61371,35.17598,68.514
SP4,Haplostichanthus_ramiflorus,DRO,DRO_Haplostichanthus_ramiflorus_2CN2_White,130.58976,81.0952,640.64592,487.972,0.058024305,0.089390864,0.094974912,0.101026288,7.57738,7.24917,60.84529,49.298
SP4,Haplostichanthus_ramiflorus,DRO,DRO_Haplostichanthus_ramiflorus_3CN2_White,126.5011,94.86572,473.8583,391.832,0.069756469,0.040455815,0.060502011,0.165572618,8.82427,3.83787,28.66938,64.87665
SP4,Haplostichanthus_ramiflorus,DRO,DRO_Haplostichanthus_ramiflorus_4CN2_White,54.48231,96.44067,459.06574,514.836,0.045961157,0.198336034,0.069073179,0.113837028,2.50407,19.12766,31.70913,58.6074
SP4,Haplostichanthus_ramiflorus,DRO,DRO_Haplostichanthus_ramiflorus_5CN2_White,540.24968,1034.60502,595.97903,494.664,0.039914323,0.01013957,0.070449912,0.063800883,21.5637,10.49045,41.98667,31.56
SP5,Myristica_globosa,DRO,DRO_Myristica_globosa_1CN2_Blue,1167.50206,923.9819,1386.91254,1302.534,0.054265155,0.01314568,0.071035445,0.079850507,63.35468,12.14637,98.51995,104.008
SP5,Myristica_globosa,DRO,DRO_Myristica_globosa_2CN2_Blue,1361.80249,895.81043,702.71487,643.418,0.047283186,0.009487878,0.069218843,0.100852929,64.39036,8.49934,48.64111,64.89059
SP5,Myristica_globosa,DRO,DRO_Myristica_globosa_3CN2_Blue,1245.84402,935.59601,958.72961,886.076,0.040049901,0.020526776,0.094006495,0.061285939,49.89593,19.20477,90.12681,54.304
SP5,Myristica_globosa,DRO,DRO_Myristica_globosa_4CN2_Blue,903.05219,885.03131,966.67099,764.497,0.043206462,0.028862527,0.064565422,0.08249398,39.01769,25.54424,62.41352,63.0664
SP5,Myristica_globosa,DRO,DRO_Myristica_globosa_5CN2_Blue,647.11926,932.88727,1035.46961,837.77791,0.054264511,0.031673613,0.057477554,0.05693127,35.11561,29.54791,59.51626,47.69576
SP5,Myristica_globosa,DRO,DRO_Myristica_globosa_1CN2_Red,1409.86195,899.85376,1339.92158,1128.66,0.049544752,0.020046102,0.061416579,0.067302819,69.85126,18.03856,82.2934,75.962
SP5,Myristica_globosa,DRO,DRO_Myristica_globosa_2CN2_Red,711.73461,1059.83318,637.63122,545.039,0.039792192,0.008662109,0.068511827,0.081560494,28.32148,9.18039,43.68528,44.45365
SP5,Myristica_globosa,DRO,DRO_Myristica_globosa_3CN2_Red,707.21632,936.02884,782.89977,646.222,0.043898831,0.020306383,0.06202983,0.088231289,31.04597,19.00736,48.56314,57.017
SP5,Myristica_globosa,DRO,DRO_Myristica_globosa_4CN2_Red,947.5103,858.36512,667.69719,671.805,0.066067904,0.032349684,0.059579283,0.097010293,62.60002,27.76784,39.78092,65.172
SP5,Myristica_globosa,DRO,DRO_Myristica_globosa_5CN2_Red,1155.50279,884.21908,896.85918,756.91776,0.061729985,0.030100481,0.062086737,0.048624833,71.32917,26.61542,55.68306,36.805
SP5,Myristica_globosa,DRO,DRO_Myristica_globosa_1CN2_White,394.03752,932.20497,1142.05024,989.402,0.067359042,0.013160668,0.05784897,0.015678157,26.54199,12.26844,66.06643,15.512
SP5,Myristica_globosa,DRO,DRO_Myristica_globosa_2CN2_White,820.5564,762.12184,681.62291,584.716,0.042618131,0.01423069,0.067549974,0.127574754,34.97058,10.84552,46.04361,74.595
SP5,Myristica_globosa,DRO,DRO_Myristica_globosa_3CN2_White,914.71415,864.41964,871.26232,711.521,0.04050332,0.028540721,0.058734492,0.058601222,37.04896,24.67116,51.17315,41.696
SP5,Myristica_globosa,DRO,DRO_Myristica_globosa_4CN2_White,953.24631,947.57399,712.60432,592.055,0.062894951,0.012988611,0.058049606,0.104165998,59.95438,12.30767,41.3664,61.672
SP5,Myristica_globosa,DRO,DRO_Myristica_globosa_5CN2_White,976.2739,760.46108,774.09744,798.64536,0.044847107,0.048086787,0.068068795,0.040592748,43.78306,36.56813,52.69188,32.41921
SP6,Rockinghamia_angustifolia,DRO,DRO_Rockinghamia_angustifolia_1CN2_Blue,571.93582,980.25182,2063.3354,1990.02431,0.066759239,0.019053788,0.060781112,0.087457128,38.182,18.67751,125.41182,174.04181
SP6,Rockinghamia_angustifolia,DRO,DRO_Rockinghamia_angustifolia_2CN2_Blue,1166.69873,874.89051,1820.40689,1745.528,0.055952174,0.024932674,0.058312705,0.051404142,65.27933,21.81336,106.15285,89.72737
SP6,Rockinghamia_angustifolia,DRO,DRO_Rockinghamia_angustifolia_3CN2_Blue,1337.58735,986.12918,1511.94748,1302.31018,0.04915196,0.023834352,0.049721086,0.097320663,65.74504,23.50375,75.17567,126.74169
SP6,Rockinghamia_angustifolia,DRO,DRO_Rockinghamia_angustifolia_4CN2_Blue,1330.71998,884.17601,1336.30303,1090.781,0.048065725,0.033268161,0.051140549,0.152707253,63.96202,29.41491,68.33927,166.57017
SP6,Rockinghamia_angustifolia,DRO,DRO_Rockinghamia_angustifolia_5CN2_Blue,807.61052,910.83151,1671.75857,1356.133,0.04654766,0.030038607,0.054874802,0.098668788,37.59238,27.36011,91.73742,133.808
SP6,Rockinghamia_angustifolia,DRO,DRO_Rockinghamia_angustifolia_1CN2_Red,930.4304,872.56344,1832.03624,1728.56033,0.059174088,0.02942884,0.038900371,0.03825347,55.05737,25.67853,71.26689,66.12343
SP6,Rockinghamia_angustifolia,DRO,DRO_Rockinghamia_angustifolia_2CN2_Red,806.76973,1095.26092,1499.93844,1387.571,0.067266864,0.023643973,0.055843492,0.075214472,54.26887,25.89632,83.7618,104.36542
SP6,Rockinghamia_angustifolia,DRO,DRO_Rockinghamia_angustifolia_3CN2_Red,627.77624,879.12678,1134.47776,1262.29882,0.046020745,0.017977089,0.043716564,0.111031325,28.89073,15.80414,49.59547,140.15471
SP6,Rockinghamia_angustifolia,DRO,DRO_Rockinghamia_angustifolia_4CN2_Red,635.40975,770.81609,1208.97299,984.014,0.038751105,0.031291044,0.040064104,0.110096533,24.62283,24.11964,48.43642,108.33653
SP6,Rockinghamia_angustifolia,DRO,DRO_Rockinghamia_angustifolia_5CN2_Red,934.40742,913.76003,1319.7792,1202.593,0.061573056,0.022444416,0.043532433,0.102306632,57.53432,20.50881,57.4532,123.03324
SP6,Rockinghamia_angustifolia,DRO,DRO_Rockinghamia_angustifolia_1CN2_White,1398.31762,870.91924,1679.13387,1409.02608,0.062262385,0.030613596,0.051493691,0.094533743,87.06259,26.66197,86.4648,133.20051
SP6,Rockinghamia_angustifolia,DRO,DRO_Rockinghamia_angustifolia_2CN2_White,969.80871,804.84807,1657.18871,1543.444,0.04563468,0.042311166,0.047113681,0.083728888,44.25691,34.05406,78.07626,129.23085
SP6,Rockinghamia_angustifolia,DRO,DRO_Rockinghamia_angustifolia_3CN2_White,1026.94949,972.75784,1153.5434,978.40388,0.043029273,0.026521236,0.043844237,0.14079844,44.18889,25.79874,50.57623,137.75774
SP6,Rockinghamia_angustifolia,DRO,DRO_Rockinghamia_angustifolia_4CN2_White,748.20772,924.23468,1025.76887,1053.817,0.038834376,0.026903567,0.043174404,0.13824833,29.05618,24.86521,44.28696,145.68844000000001
SP6,Rockinghamia_angustifolia,DRO,DRO_Rockinghamia_angustifolia_5CN2_White,1059.44608,796.07215,1212.67112,1266.982,0.05566726,0.040589311,0.045819653,0.08973871,58.97646,32.31202,55.56417,113.69733
SP3,Cleistanthus _myrianthus,DRO,DRO_Cleistanthus _myrianthus_2CN2_Blue,NA,NA,1328.49913,1212.076,NA,NA,0.041672914,0.169227837,NA,NA,55.36243,205.117
SP3,Cleistanthus _myrianthus,DRO,DRO_Cleistanthus _myrianthus_2CN2_Red,NA,NA,1020.88092,909.376,NA,NA,0.036656391,0.180998839,NA,NA,37.42181,164.596
SP3,Cleistanthus _myrianthus,DRO,DRO_Cleistanthus _myrianthus_2CN2_White,NA,NA,1041.83102,889.799,NA,NA,0.044354679,0.17446593,NA,NA,46.21008,155.23961
SP1,Cryptocarya_sp. ,DRO,DRO_Cryptocarya_sp. _1CN2_Blue,NA,NA,844.97456,674.303,NA,NA,0.069001746,0.067100398,NA,NA,58.30472,45.246
SP1,Cryptocarya_sp. ,DRO,DRO_Cryptocarya_sp. _2CN2_Blue,NA,NA,899.82141,747.713,NA,NA,0.063894568,0.130590213,NA,NA,57.4937,97.644
SP1,Cryptocarya_sp. ,DRO,DRO_Cryptocarya_sp. _3CN2_Blue,NA,NA,465.56435,442.838,NA,NA,0.075724978,0.045233246,NA,NA,35.25485,20.031
SP1,Cryptocarya_sp. ,DRO,DRO_Cryptocarya_sp. _4CN2_Blue,NA,NA,865.01251,824.648,NA,NA,0.05818095,0.121779232,NA,NA,50.32725,100.425
SP1,Cryptocarya_sp. ,DRO,DRO_Cryptocarya_sp. _5CN2_Blue,NA,NA,976.54321,883.077,NA,NA,0.07375135,0.047128393,NA,NA,72.02138,41.618
SP1,Cryptocarya_sp. ,DRO,DRO_Cryptocarya_sp. _1CN2_Red,NA,NA,570.04413,628.564,NA,NA,0.05685209,0.134282269,NA,NA,32.4082,84.405
SP1,Cryptocarya_sp. ,DRO,DRO_Cryptocarya_sp. _2CN2_Red,NA,NA,814.22645,630.451,NA,NA,0.064319551,0.118989422,NA,NA,52.37068,75.017
SP1,Cryptocarya_sp. ,DRO,DRO_Cryptocarya_sp. _3CN2_Red,NA,NA,377.08078,327.865,NA,NA,0.066235808,0.019761182,NA,NA,24.97625,6.479
SP1,Cryptocarya_sp. ,DRO,DRO_Cryptocarya_sp. _4CN2_Red,NA,NA,837.42407,739.724,NA,NA,0.064722966,0.086997569,NA,NA,54.20057,64.35419
SP1,Cryptocarya_sp. ,DRO,DRO_Cryptocarya_sp. _5CN2_Red,NA,NA,831.08822,732.328,NA,NA,0.067690431,0.030409871,NA,NA,56.25672,22.27
SP1,Cryptocarya_sp. ,DRO,DRO_Cryptocarya_sp. _1CN2_White,NA,NA,623.52583,514.617,NA,NA,0.055215948,0.154553775,NA,NA,34.42857,79.536
SP1,Cryptocarya_sp. ,DRO,DRO_Cryptocarya_sp. _2CN2_White,NA,NA,674.27983,716.257,NA,NA,0.060897239,0.125200871,NA,NA,41.06178,89.676
SP1,Cryptocarya_sp. ,DRO,DRO_Cryptocarya_sp. _3CN2_White,NA,NA,406.84725,341.425,NA,NA,0.081724308,0.020288497,NA,NA,33.24931,6.927
SP1,Cryptocarya_sp. ,DRO,DRO_Cryptocarya_sp. _4CN2_White,NA,NA,718.73528,610.872,NA,NA,0.064384762,0.060236842,NA,NA,46.2756,36.797
SP1,Cryptocarya_sp. ,DRO,DRO_Cryptocarya_sp. _5CN2_White,NA,NA,894.3872,771.678,NA,NA,0.067529857,0.0256804,NA,NA,60.39784,19.817
SP2,Acacia_parramattensis,EUC,EUC_Acacia_parramattensis_1CN2_Blue,13.35257,1.042,177.86384,177.78241,0.006718557,0.098013436,0.966236645,0.001787916,0.08971,0.10213,171.85856,0.31786
SP2,Acacia_parramattensis,EUC,EUC_Acacia_parramattensis_3CN2_Blue,2.13575,3.491,123.00166,122.93537,0.030017558,0.040352335,0.976196012,0.004537669,0.06411,0.14087,120.07373,0.55784
SP2,Acacia_parramattensis,EUC,EUC_Acacia_parramattensis_4CN2_Blue,14.91796,1.018,55.99735,55.95239,0.00507442,0.084410609,0.971260426,0.001581881,0.0757,0.08593,54.38801,0.08851
SP2,Acacia_parramattensis,EUC,EUC_Acacia_parramattensis_5CN2_Blue,11.50075,0.863,117.32506,117.26921,0.007939482,0.127149479,0.972008026,0.010540192,0.09131,0.10973,114.0409,1.23604
SP2,Acacia_parramattensis,EUC,EUC_Acacia_parramattensis_1CN2_Red,18.31584,2.977,62.39472,62.34432,0.010134397,0.079771582,0.98001145,0.003131159,0.18562,0.23748,61.14754,0.19521
SP2,Acacia_parramattensis,EUC,EUC_Acacia_parramattensis_2CN2_Red,11.57017,1.482,219.62551,219.46795,0.013753471,0.127813765,0.985665099,0.001662111,0.15913,0.18942,216.4772,0.36478
SP2,Acacia_parramattensis,EUC,EUC_Acacia_parramattensis_3CN2_Red,8.52475,1.23,119.08587,119.00899,0.026309276,0.173113821,0.975580562,0.004064651,0.22428,0.21293,116.17786,0.48373
SP2,Acacia_parramattensis,EUC,EUC_Acacia_parramattensis_5CN2_Red,11.45299,8.464,241.82215,241.69137,0.055017074,0.0900638,0.979948404,0.011465035,0.63011,0.7623,236.97323,2.771
SP2,Acacia_parramattensis,EUC,EUC_Acacia_parramattensis_1CN2_White,7.97256,1.594,214.95845,214.85149,0.034599928,0.181750314,0.978487052,0.001263803,0.27585,0.28971,210.33406,0.27153
SP2,Acacia_parramattensis,EUC,EUC_Acacia_parramattensis_2CN2_White,8.17616,0.581,169.62262,169.51072,0.006668167,0.110447504,0.978568071,0.001248181,0.05452,0.06417,165.98728,0.21158
SP2,Acacia_parramattensis,EUC,EUC_Acacia_parramattensis_3CN2_White,19.03671,2.199,205.8645,205.77544,0.006692333,0.074088222,0.985763597,0.003906832,0.1274,0.16292,202.93373,0.80393
SP2,Acacia_parramattensis,EUC,EUC_Acacia_parramattensis_4CN2_White,17.00963,2.187,171.06151,170.9144,0.008605125,0.085994513,0.984360187,0.001067552,0.14637,0.18807,168.38614,0.18246
SP2,Acacia_parramattensis,EUC,EUC_Acacia_parramattensis_5CN2_White,7.60357,0.744,117.46195,117.35438,0.004019165,0.061075269,0.983382108,0.013016472,0.03056,0.04544,115.50998,1.52754
SP5,Acacia_parramattensis,EUC,EUC_Acacia_parramattensis_1CN2_Blue,73.33616,67.98089,81.05682,81.02098,0.021714254,0.048203252,0.980854171,0.023954043,1.59244,3.2769,79.50492,1.94078
SP5,Acacia_parramattensis,EUC,EUC_Acacia_parramattensis_2CN2_Blue,80.63657,81.90685,94.04362,94.02133,0.018780685,0.037467196,0.983089549,0.014285375,1.51441,3.06882,92.4533,1.34313
SP5,Acacia_parramattensis,EUC,EUC_Acacia_parramattensis_3CN2_Blue,142.84306,142.54341,152.8963,152.87394,0.010380903,0.045086195,0.990502125,0.020721256,1.48284,6.42674,151.44411,3.1677399999999998
SP5,Acacia_parramattensis,EUC,EUC_Acacia_parramattensis_4CN2_Blue,194.72735,190.5359,210.51337,210.4422,0.028774746,0.03844929,0.973500828,0.013890465,5.60323,7.32597,204.93494,2.92314
SP5,Acacia_parramattensis,EUC,EUC_Acacia_parramattensis_5CN2_Blue,306.71917,313.67484,329.97924,329.90423,0.030429334,0.044405602,0.971279102,0.019978313,9.33326,13.92892,320.50194,6.59093
SP5,Acacia_parramattensis,EUC,EUC_Acacia_parramattensis_1CN2_Red,73.46862,66.65591,81.56535,81.52683,0.008873857,0.041130936,0.990994338,0.017327179,0.65195,2.74162,80.8308,1.41263
SP5,Acacia_parramattensis,EUC,EUC_Acacia_parramattensis_2CN2_Red,58.98982,64.27271,67.85947,67.82437,0.018590496,0.040979601,0.98317464,0.0175549,1.09665,2.63387,66.71771,1.19065
SP5,Acacia_parramattensis,EUC,EUC_Acacia_parramattensis_3CN2_Red,120.84259,123.48233,131.21883,131.18511,0.026909966,0.039610769,0.975320539,0.015115359,3.25187,4.89123,127.98042,1.98291
SP5,Acacia_parramattensis,EUC,EUC_Acacia_parramattensis_4CN2_Red,139.16328,135.41885,156.89867,156.82819,0.014613984,0.040977087,0.987064263,0.016595422,2.03373,5.54907,154.86907,2.60263
SP5,Acacia_parramattensis,EUC,EUC_Acacia_parramattensis_5CN2_Red,247.93274,255.05435,274.95636,274.89607,0.019753825,0.039213564,0.981279975,0.014908543,4.89762,10.00159,269.80917,4.0983
SP5,Acacia_parramattensis,EUC,EUC_Acacia_parramattensis_1CN2_White,133.69296,140.88221,152.39209,152.34178,0.025389519,0.041169002,0.977583154,0.016805501,3.3944,5.79998,148.97594,2.56018
SP5,Acacia_parramattensis,EUC,EUC_Acacia_parramattensis_2CN2_White,52.89552,53.44098,64.15065,64.10941,0.022057634,0.039823184,0.982005171,0.017333025,1.16675,2.12819,62.99627,1.11121
SP5,Acacia_parramattensis,EUC,EUC_Acacia_parramattensis_4CN2_White,138.99173,141.18328,156.82877,156.76827,0.020761883,0.039912517,0.979921095,0.016102238,2.88573,5.63498,153.67982,2.52432
SP6,Breynia_oblingifolia,EUC,EUC_Breynia_oblingifolia_1CN2_Blue,105.79755,96.38539,142.37966,142.19146,0.018456666,0.034190866,0.981627783,0.007882541,1.95267,3.2955,139.76383,1.12083
SP6,Breynia_oblingifolia,EUC,EUC_Breynia_oblingifolia_2CN2_Blue,71.05571,70.0316,104.68099,104.56417,0.01892501,0.026247294,0.98270173,0.00293657,1.34473,1.83814,102.87019,0.30706
SP6,Breynia_oblingifolia,EUC,EUC_Breynia_oblingifolia_3CN2_Blue,123.7488,127.16619,194.28085,193.95792,0.015975832,0.026153178,0.98544365,0.002462184,1.97699,3.3258,191.45283,0.47756
SP6,Breynia_oblingifolia,EUC,EUC_Breynia_oblingifolia_4CN2_Blue,79.93795,78.36456,107.50688,107.4284,0.020368673,0.048100315,0.981654197,0.022997829,1.62823,3.76936,105.53458,2.47062
SP6,Breynia_oblingifolia,EUC,EUC_Breynia_oblingifolia_5CN2_Blue,101.13664,93.46566,140.36861,140.20756,0.018836991,0.046084519,0.983186056,0.015421493999999999,1.90511,4.30732,138.00846,2.16221
SP6,Breynia_oblingifolia,EUC,EUC_Breynia_oblingifolia_1CN2_Red,59.22483,57.14958,85.22105,85.11807,0.020699595,0.064506861,0.98225943,0.034082657,1.22593,3.68654,83.70918,2.90105
SP6,Breynia_oblingifolia,EUC,EUC_Breynia_oblingifolia_2CN2_Red,41.17968,45.53605,65.89796,65.79674,0.01709581,0.081611163,0.984288588,0.077775586,0.704,3.71625,64.86261,5.11738
SP6,Breynia_oblingifolia,EUC,EUC_Breynia_oblingifolia_3CN2_Red,103.16522,94.35534,140.16409,140.02088,0.017274426,0.098117287,0.985493788,0.065101719,1.78212,9.25789,138.13084,9.1156
SP6,Breynia_oblingifolia,EUC,EUC_Breynia_oblingifolia_4CN2_Red,78.23455,74.34103,98.68362,98.56204,0.011145204,0.060744383,0.989390742,0.040386441,0.87194,4.5158,97.63666,3.98057
SP6,Breynia_oblingifolia,EUC,EUC_Breynia_oblingifolia_5CN2_Red,74.82955,79.16374,97.1252,97.04057,0.016877691,0.057283802,0.984517612,0.029775279,1.26295,4.5348,95.62147,2.88941
SP6,Breynia_oblingifolia,EUC,EUC_Breynia_oblingifolia_1CN2_White,79.74665,86.15317,114.95998,114.84191,0.018294938,0.042033741,0.983429886,0.019396665,1.45896,3.62134,113.05508,2.22755
SP6,Breynia_oblingifolia,EUC,EUC_Breynia_oblingifolia_2CN2_White,34.65303,38.46004,62.28876,62.2181,0.022501063,0.087423986,0.982387673,0.042186438,0.77973,3.36233,61.19171,2.62476
SP6,Breynia_oblingifolia,EUC,EUC_Breynia_oblingifolia_3CN2_White,133.73594,145.39732,190.25297,190.08112,0.017211753,0.051468074,0.983817335,0.023161585,2.30183,7.48332,187.17417,4.40258
SP6,Breynia_oblingifolia,EUC,EUC_Breynia_oblingifolia_4CN2_White,98.53656,90.9139,117.73741,117.65302,0.01043298,0.041360012,0.99080046,0.019249315,1.02803,3.7602,116.65428,2.26474
SP6,Breynia_oblingifolia,EUC,EUC_Breynia_oblingifolia_5CN2_White,87.95449,91.68616,113.30237,113.19224,0.016971959,0.041990198,0.984174824,0.019858959,1.49276,3.84992,111.50934,2.24788
SP1,Bursaria_spinosa,EUC,EUC_Bursaria_spinosa_1CN2_Blue,32.34091,6.584,1.58662,1.492,0.001118089,0.027899453,0.977140084,0.002010724,0.03616,0.18369,1.55035,0.003
SP1,Bursaria_spinosa,EUC,EUC_Bursaria_spinosa_2CN2_Blue,26.37106,2.54,2.51994,2.427,1.64e-4,0.024535433,0.982309103,0,0.00433,0.06232,2.47536,0
SP1,Bursaria_spinosa,EUC,EUC_Bursaria_spinosa_3CN2_Blue,38.91925,3.588,2.92816,2.805,2.68e-4,0.025451505,0.985581389,0.006773619,0.01042,0.09132,2.88594,0.019
SP1,Bursaria_spinosa,EUC,EUC_Bursaria_spinosa_4CN2_Blue,22.81088,3.759,1.81303,1.676,0.00483585,0.048212291,0.979388096,5.97e-4,0.11031,0.18123,1.77566,0.001
SP1,Bursaria_spinosa,EUC,EUC_Bursaria_spinosa_5CN2_Blue,17.12253,9.391,4.40041,4.292,0.006288206,0.033611969,0.983297011,0.005591799,0.10767,0.31565,4.32691,0.024
SP1,Bursaria_spinosa,EUC,EUC_Bursaria_spinosa_1CN2_Red,10.87231,2.876,3.77901,3.663,1.01e-4,0.023337969,0.977806357,0.004641005,0.0011,0.06712,3.69514,0.017
SP1,Bursaria_spinosa,EUC,EUC_Bursaria_spinosa_3CN2_Red,34.7243,5.14,1.85519,1.763,0.001022915,0.029461089,0.987737105,0.031196824,0.03552,0.15143,1.83244,0.055
SP1,Bursaria_spinosa,EUC,EUC_Bursaria_spinosa_4CN2_Red,21.39037,2.398,2.9303,2.73,0.002948056,0.045817348,0.978688189,0.002197802,0.06306,0.10987,2.86785,0.006
SP1,Bursaria_spinosa,EUC,EUC_Bursaria_spinosa_5CN2_Red,26.66627,1.726,6.29267,6.102,4.23e-4,0.028661645,0.986918113,0.024418224,0.01128,0.04947,6.21035,0.149
SP1,Bursaria_spinosa,EUC,EUC_Bursaria_spinosa_1CN2_White,50.66914,7.396,4.15709,3.983,0.001925235,0.034490265,0.981674681,0.008787346,0.09755,0.25509,4.08091,0.035
SP1,Bursaria_spinosa,EUC,EUC_Bursaria_spinosa_3CN2_White,8.0539,1.276,2.36367,2.242,0.010746346,0.081959248,0.981706414,0.003568243,0.08655,0.10458,2.32043,0.008
SP1,Bursaria_spinosa,EUC,EUC_Bursaria_spinosa_4CN2_White,20.13914,2.101,3.10954,2.969,7.94e-4,0.029971442,0.981614644,0.009430785,0.01599,0.06297,3.05237,0.028
SP1,Bursaria_spinosa,EUC,EUC_Bursaria_spinosa_5CN2_White,20.14188,12.493,3.50131,3.395,0.002048965,0.025969743,0.981432664,0.012665685,0.04127,0.32444,3.4363,0.043
SP7,Eucalyptus_pruinosa,EUC,EUC_Eucalyptus_pruinosa_1CN2_Blue,400.84651,406.16739,451.85044,451.68205,0.027747953,0.038018636,0.9744357,0.014074037,11.12267,15.44193,440.2992,6.35699
SP7,Eucalyptus_pruinosa,EUC,EUC_Eucalyptus_pruinosa_2CN2_Blue,186.26124,181.95691,212.92287,212.82335,0.009649404,0.039436755,0.990901729,0.018210079,1.79731,7.17579,210.98564,3.87553
SP7,Eucalyptus_pruinosa,EUC,EUC_Eucalyptus_pruinosa_3CN2_Blue,121.68921,132.27316,155.64216,155.53902,0.008518011,0.049378649,0.991293876,0.027373517,1.03655,6.53147,154.28712,4.25765
SP7,Eucalyptus_pruinosa,EUC,EUC_Eucalyptus_pruinosa_4CN2_Blue,100.14088,104.64054,126.85895,126.7851,0.026877835,0.044917964,0.975578546,0.023316068,2.69157,4.70024,123.76087,2.95613
SP7,Eucalyptus_pruinosa,EUC,EUC_Eucalyptus_pruinosa_5CN2_Blue,289.07579,284.63277,342.23462,342.00982,0.016605991,0.077578664,0.984998449,0.054515891,4.80039,22.08143,337.10057,18.64497
SP7,Eucalyptus_pruinosa,EUC,EUC_Eucalyptus_pruinosa_1CN2_Red,331.57667,335.53013,379.40751,379.21215,0.029845948,0.038854871,0.972637126,0.015153075,9.89622,13.03698,369.02583,5.74623
SP7,Eucalyptus_pruinosa,EUC,EUC_Eucalyptus_pruinosa_2CN2_Red,215.39654,209.48977,238.24401,238.14536,0.02114709,0.038814879,0.980992639,0.013908732,4.55501,8.13132,233.71562,3.3123
SP7,Eucalyptus_pruinosa,EUC,EUC_Eucalyptus_pruinosa_3CN2_Red,172.68172,173.71672,205.426,205.31252,0.021426472,0.027910267,0.980165558,0.004562264,3.69996,4.84848,201.35149,0.93669
SP7,Eucalyptus_pruinosa,EUC,EUC_Eucalyptus_pruinosa_4CN2_Red,352.36498,341.82532,383.46152,383.32787,0.020303777,0.059768539,0.981917038,0.0323642,7.15434,20.4304,376.5274,12.4061
SP7,Eucalyptus_pruinosa,EUC,EUC_Eucalyptus_pruinosa_5CN2_Red,308.95472,314.08783,373.33721,373.12988,0.018931512,0.073331431,0.982014169,0.046400331,5.84898,23.03251,366.62243,17.31335
SP7,Eucalyptus_pruinosa,EUC,EUC_Eucalyptus_pruinosa_1CN2_White,428.1565,427.81551,490.72703,490.50595,0.031459221,0.041377742,0.971820056,0.017496709,13.46947,17.70204,476.89837,8.58224
SP7,Eucalyptus_pruinosa,EUC,EUC_Eucalyptus_pruinosa_2CN2_White,212.51545,214.7068,241.56906,241.46545,0.016869409,0.045447885,0.984375731,0.022469964,3.58501,9.75797,237.79472,5.42572
SP7,Eucalyptus_pruinosa,EUC,EUC_Eucalyptus_pruinosa_3CN2_White,144.56457,159.27791,179.9564,179.83386,0.019040419,0.051753253,0.981770584,0.026158533,2.75257,8.24315,176.6759,4.70419
SP7,Eucalyptus_pruinosa,EUC,EUC_Eucalyptus_pruinosa_4CN2_White,533.07728,535.89303,582.28116,582.12503,0.02126581,0.062694881,0.980562088,0.037222519,11.33632,33.59775,570.96283,21.66816
SP7,Eucalyptus_pruinosa,EUC,EUC_Eucalyptus_pruinosa_5CN2_White,326.07039,329.94113,377.43233,377.23396,0.016838695,0.085779393,0.984382022,0.05732644,5.4906,28.30215,371.5376,21.62548
SP3,Eucalyptus_tereticornis,EUC,EUC_Eucalyptus_tereticornis_1CN2_Blue,142.6936,151.821,633.95678,633.779,0.27006453,0.258637013,0.985538115,0.085727044,38.53648,39.26653,624.78857,54.332
SP3,Eucalyptus_tereticornis,EUC,EUC_Eucalyptus_tereticornis_2CN2_Blue,465.83725,496.911,676.83073,676.605,0.106532915,0.110382161,0.982537894,0.088936676,49.627,54.85011,665.01184,60.175
SP3,Eucalyptus_tereticornis,EUC,EUC_Eucalyptus_tereticornis_3CN2_Blue,128.18082,138.657,291.38278,291.28,0.444846897,0.387469006,0.988197964,0.23245331,57.02084,53.72529,287.94387,67.709
SP3,Eucalyptus_tereticornis,EUC,EUC_Eucalyptus_tereticornis_4CN2_Blue,433.77558,460.315,871.90971,871.691,0.124656372,0.129066552,0.982787771,0.057437785,54.07289,59.41127,856.9022,50.068
SP3,Eucalyptus_tereticornis,EUC,EUC_Eucalyptus_tereticornis_5CN2_Blue,625.4888,656.457,489.71279,489.61,0.189272278,0.183988928,0.981304715,0.122003227,118.38769,120.78082,480.55747,59.734
SP3,Eucalyptus_tereticornis,EUC,EUC_Eucalyptus_tereticornis_1CN2_Red,134.60559,147.5,564.67456,564.55,0.104405099,0.108875322,0.977864135,0.135484899,14.05351,16.05911,552.175,76.488
SP3,Eucalyptus_tereticornis,EUC,EUC_Eucalyptus_tereticornis_2CN2_Red,310.73818,333.054,533.06833,532.97,0.18251658,0.172182739,0.98102611,0.185830347,56.71487,57.34615,522.95395,99.042
SP3,Eucalyptus_tereticornis,EUC,EUC_Eucalyptus_tereticornis_3CN2_Red,273.9107,289.768,681.23653,681.043,0.290867863,0.272657126,0.98308713700000006,0.14046837,79.67182,79.00731,669.71487,95.665
SP3,Eucalyptus_tereticornis,EUC,EUC_Eucalyptus_tereticornis_4CN2_Red,608.26908,633.536,847.62528,847.486,0.17377944,0.170990109,0.980469164,0.102808778,105.70466,108.32839,831.07045,87.129
SP3,Eucalyptus_tereticornis,EUC,EUC_Eucalyptus_tereticornis_5CN2_Red,1514.29449,1560.018,540.58521,540.461,0.122410787,0.12945734,0.980837841,0.295196138,185.36598,201.95578,530.22643,159.542
SP3,Eucalyptus_tereticornis,EUC,EUC_Eucalyptus_tereticornis_1CN2_White,148.5855,161.731,361.25669,361.192,0.149566344,0.145526337,0.979411731,0.139823141,22.22339,23.53612,353.81904,50.503
SP3,Eucalyptus_tereticornis,EUC,EUC_Eucalyptus_tereticornis_2CN2_White,139.99327,146.926,353.1842,353.078,0.143882988,0.151808257,0.983630298,0.134148828,20.14265,22.30458,347.40268,47.365
SP3,Eucalyptus_tereticornis,EUC,EUC_Eucalyptus_tereticornis_3CN2_White,476.71752,496.362,165.67771,165.643,0.264045592,0.248094213,0.980154421,0.205055451,125.87516,123.14454,162.38974,33.966
SP3,Eucalyptus_tereticornis,EUC,EUC_Eucalyptus_tereticornis_4CN2_White,528.28208,560.485,188.70129,188.659,0.199234697,0.189893414,0.972439086,0.0997249,105.25212,106.43241,183.50051,18.814
SP3,Eucalyptus_tereticornis,EUC,EUC_Eucalyptus_tereticornis_5CN2_White,292.69248,305.084,213.40046,213.321,0.246767461,0.232643829,0.985517651,0.311202366,72.22698,70.97591,210.30992,66.386
SP4,Eucalyptus_tereticornis,EUC,EUC_Eucalyptus_tereticornis_1CN2_Blue,133.23908,144.916,1058.83678,1058.6423,0.083925227,0.090659831,0.975933392,0.163296507,11.18212,13.13806,1033.35417,172.87259
SP4,Eucalyptus_tereticornis,EUC,EUC_Eucalyptus_tereticornis_2CN2_Blue,251.30216,266.926,718.11235,718.00799,0.204636602,0.197406922,0.967626751,0.111301686,51.42562,52.69304,694.86472,79.9155
SP4,Eucalyptus_tereticornis,EUC,EUC_Eucalyptus_tereticornis_3CN2_Blue,1882.55254,1982.417,616.36952,616.29478,0.179371143,0.178950347,0.964615058,0.103560475,337.6756,354.75421,594.55932,63.82378
SP4,Eucalyptus_tereticornis,EUC,EUC_Eucalyptus_tereticornis_4CN2_Blue,274.81602,287.22,510.58609,510.49846,0.302885509,0.287035965,0.967188765,0.261589526,83.23779,82.44247,493.83313,133.54105
SP4,Eucalyptus_tereticornis,EUC,EUC_Eucalyptus_tereticornis_5CN2_Blue,571.29211,601.007,1113.92189,1113.77567,0.112224673,0.118676954,0.96553314,0.143518317,64.11307,71.32568,1075.5285,159.84721
SP4,Eucalyptus_tereticornis,EUC,EUC_Eucalyptus_tereticornis_1CN2_Red,177.61759,193.717,750.45368,750.28546,0.101144937,0.108197577,0.980771991,0.130699921,17.96512,20.95971,736.02395,98.06225
SP4,Eucalyptus_tereticornis,EUC,EUC_Eucalyptus_tereticornis_2CN2_Red,210.19812,229.155,793.36807,793.26951,0.137571687,0.134356833,0.98385419,0.100881061,28.91731,30.78854,780.5585,80.02587
SP4,Eucalyptus_tereticornis,EUC,EUC_Eucalyptus_tereticornis_3CN2_Red,1131.51389,1191.259,444.29101000000003,444.24525,0.092910357,0.102678695,0.983061305,0.040984209,105.12936,122.31692,436.7653,18.20704
SP4,Eucalyptus_tereticornis,EUC,EUC_Eucalyptus_tereticornis_4CN2_Red,556.28326,580.882,267.73259,267.66935,0.170397254,0.170264821,0.98208257,0.157491398,94.78914,98.90377,262.93551,42.15562
SP4,Eucalyptus_tereticornis,EUC,EUC_Eucalyptus_tereticornis_5CN2_Red,667.86084,711.948,1289.58502,1289.44853,0.139655351,0.141081708,0.982285107,0.177542472,93.27034,100.44284,1266.74016,228.93188
SP4,Eucalyptus_tereticornis,EUC,EUC_Eucalyptus_tereticornis_1CN2_White,150.6888,161.658,1269.79559,1269.58511,0.11850038,0.12325038,0.985063714,0.166399549,17.85668,19.92441,1250.82956,211.25839
SP4,Eucalyptus_tereticornis,EUC,EUC_Eucalyptus_tereticornis_2CN2_White,216.30573,230.218,768.77042,768.63765,0.188862866,0.185829301,0.981684649,0.114745212,40.85212,42.78125,754.69012,88.19749
SP4,Eucalyptus_tereticornis,EUC,EUC_Eucalyptus_tereticornis_5CN2_White,775.90317,820.003,1017.54676,1017.39532,0.083515718,0.094190777,0.981542922,0.103388111,64.80011,77.23672,998.76582,105.18658
SP2,Acacia_parramattensis,EUC,EUC_Acacia_parramattensis_2CN2_Blue,NA,NA,273.25945,273.17384,NA,NA,0.976017957,0.002230814,NA,NA,266.70613,0.6094
SP2,Acacia_parramattensis,EUC,EUC_Acacia_parramattensis_4CN2_Red,NA,NA,117.48557,117.36819,NA,NA,0.992294373,0.00145329,NA,NA,116.58027,0.17057
SP1,Bursaria_spinosa,EUC,EUC_Bursaria_spinosa_2CN2_Red,NA,NA,4.72144,4.552,NA,NA,0.984430597,0.060632689,NA,NA,4.64793,0.276
SP1,Bursaria_spinosa,EUC,EUC_Bursaria_spinosa_2CN2_White,NA,NA,2.76633,2.672,NA,NA,0.986516432,0.042664671,NA,NA,2.72903,0.114
SP4,Eucalyptus_tereticornis,EUC,EUC_Eucalyptus_tereticornis_3CN2_White,NA,NA,535.96052,535.87592,NA,NA,0.982018097,0.151456945,NA,NA,526.32293,81.16213
SP4,Eucalyptus_tereticornis,EUC,EUC_Eucalyptus_tereticornis_4CN2_White,NA,NA,575.69001,575.60042,NA,NA,0.983780646,0.227554386,NA,NA,566.35269,130.9804
